Date,Scaled_Return,Conditional_Volatility
2006-01-03,-0.023396300000000002,0.08683997592567733
2006-01-06,0.09563329999999999,0.08441269919153253
2006-01-08,0.13648670000000002,0.08772704084087084
2006-01-09,0.023615800000000003,0.09436408692715276
2006-01-11,-0.0238165,0.09105380464011478
2006-01-12,-0.2528125,0.08838288020830705
2006-01-13,0.0058,0.10841618916919267
2006-01-16,-0.0685236,0.1027482940773728
2006-01-17,0.1462077,0.10324786955316756
2006-01-18,0.0694501,0.10956223236927229
2006-01-19,-0.00578,0.10891379010131373
2006-01-20,-0.0752526,0.10347788185979707
2006-01-23,0.023168599999999998,0.10453536890999082
2006-01-24,-0.0173753,0.10050081101051707
2006-01-25,0.0173753,0.09663467520092027
2006-01-26,-0.023168599999999998,0.09267656581960385
2006-01-27,0.0347482,0.08984056777898393
2006-02-03,-0.0257505,0.08772481352480782
2006-02-05,-0.1283636,0.08544475354807461
2006-02-06,0.011939400000000001,0.09281376641553059
2006-02-08,0.0532913,0.08868191721041054
2006-02-10,0.053009400000000005,0.0881514983050216
2006-02-11,0.1545745,0.0876338106820786
2006-02-13,-0.0291532,0.09589740166971682
2006-02-14,0.0,0.09336725689325463
2006-02-15,-0.0116667,0.08848887775004192
2006-02-16,0.023330399999999998,0.08493408466832698
2006-02-17,-0.0116636,0.08222766721081297
2006-02-20,-0.0408473,0.0790835220643246
2006-02-21,0.015176299999999998,0.0787117773116186
2006-02-22,-0.015176299999999998,0.07576152576644554
2006-02-23,0.0,0.07334054703610887
2006-02-24,-0.0490675,0.0697648108190909
2006-02-27,-0.0210459,0.07074940629704106
2006-02-28,0.0,0.06916239360406518
2006-03-01,-0.0172373,0.0658501420072099
2006-03-02,0.0173637,0.0642384286306924
2006-03-03,-0.0445142,0.06238068889936344
2006-03-04,-0.0495137,0.06343022809939897
2006-03-05,-0.0697392,0.06487011457458733
2006-03-07,-0.147971,0.06809825533433465
2006-03-08,0.11819149999999999,0.07884213755838934
2006-03-10,-0.0294417,0.08452239072784978
2006-03-11,-0.1248059,0.08277878096610033
2006-03-13,-0.0641886,0.09000496600780887
2006-03-14,0.005840000000000001,0.09100039265726331
2006-03-15,-0.1345019,0.08650929361639101
2006-03-16,-0.0468811,0.0943966372346433
2006-03-17,0.00586,0.0935336510380283
2006-03-20,-0.00821,0.08887586563818743
2006-03-21,-0.0504564,0.0849977924771399
2006-03-22,-0.0822639,0.08509304751195555
2006-03-23,-0.0235326,0.08809278392071532
2006-03-24,0.0764344,0.08559432244433639
2006-03-27,-0.0470207,0.08719611467542673
2006-03-28,0.023516699999999998,0.08683457435031229
2006-03-29,0.0176292,0.08401772994427051
2006-03-30,-0.0176292,0.08091718518304973
2006-03-31,-0.100034,0.07837601967355877
2006-04-01,-0.042548,0.0835334811974493
2006-04-04,-0.00944,0.08301794582503744
2006-04-05,0.0601266,0.07963029217279868
2006-04-07,-0.1425281,0.08027406248179686
2006-04-08,0.0,0.0894503250162423
2006-04-09,-0.2426728,0.08483147046070331
2006-04-10,0.023555,0.10412664714949711
2006-04-12,-0.1148528,0.10015066779016972
2006-04-13,0.1206243,0.10511432251237936
2006-04-14,-0.0531753,0.10907370188708967
2006-04-17,-0.02957,0.10775470219126812
2006-04-18,0.0,0.1044507670238731
2006-04-19,-0.0295901,0.09882690752934736
2006-04-20,-0.0414601,0.09613633301820908
2006-04-21,-0.029638599999999998,0.0946732589893411
2006-04-24,-0.1151897,0.09226832364925945
2006-04-25,-0.1071509,0.09785049975421202
2006-04-26,0.0023799999999999997,0.1022590864995752
2006-04-27,-0.13729339999999998,0.09674316286273044
2006-04-28,-0.077793,0.10410859542889152
2006-05-01,-0.10251629999999999,0.10535218405877632
2006-05-04,-0.0968538,0.10877796033637578
2006-05-05,-0.0902212,0.11143011385062174
2006-05-06,-0.0418022,0.11328113945439183
2006-05-07,-0.0833579,0.11066318931404433
2006-05-09,-0.00831,0.11194393312980978
2006-05-10,0.017657799999999998,0.10651588180813873
2006-05-12,-0.1030211,0.1019097731190837
2006-05-15,0.241779,0.10563438587133211
2006-05-16,0.168448,0.12043042889545436
2006-05-17,-0.3678184,0.12736333290052035
2006-05-18,0.3498016,0.15576807610457696
2006-05-19,-0.024034,0.17607509063668347
2006-05-22,0.2516961,0.1673653164558951
2006-05-23,-0.053812200000000004,0.1777851797052037
2006-05-24,0.155276,0.17151034679972638
2006-05-25,0.0893304,0.17335337086094324
2006-05-26,-0.0535762,0.1696429699288806
2006-05-29,-0.12526869999999998,0.16395990827225534
2006-05-30,-0.1615926,0.16506376068332704
2006-05-31,0.0898479,0.16940074986088385
2006-06-01,-0.12010169999999999,0.16603135477336264
2006-06-02,-0.1344602,0.1665091461799596
2006-06-03,0.00938,0.16824939746196318
2006-06-04,-0.0236557,0.158583292075891
2006-06-06,0.10741010000000001,0.15113933288557516
2006-06-07,0.2436691,0.15057669025112827
2006-06-09,-0.1224655,0.16169015161799175
2006-06-10,-0.0117711,0.16271488255253955
2006-06-11,0.1069984,0.1539522165339676
2006-06-12,-0.243371,0.1531443857759025
2006-06-13,0.1475287,0.16621078381912102
2006-06-14,0.052987900000000004,0.16781978202013362
2006-06-15,-0.3426171,0.16161396802385744
2006-06-16,-0.2140265,0.18383176495158282
2006-06-19,0.2436691,0.19153225170928864
2006-06-20,0.0888068,0.1992522066790278
2006-06-21,-0.1421781,0.19351704313756501
2006-06-22,-0.0059299999999999995,0.19384294879353273
2006-06-23,0.2072161,0.18225582486831596
2006-06-26,0.21211009999999997,0.18761961172091127
2006-06-27,-0.15308660000000002,0.19296558135820546
2006-06-28,0.0353756,0.19431996034175403
2006-06-29,0.0353468,0.1847260378063734
2006-06-30,-0.1474686,0.1758574135656308
2006-07-02,-0.07087489999999999,0.17805127028046847
2006-07-03,0.035139,0.17324234827524645
2006-07-04,-0.0118327,0.16522016534821757
2006-07-06,0.12259980000000001,0.15627779993121962
2006-07-07,-0.0949278,0.1565794761146159
2006-07-08,-0.24857479999999998,0.15551779713452674
2006-07-09,-0.0119083,0.16888870456767668
2006-07-11,-0.0653566,0.1596810949211147
2006-07-12,-0.1773007,0.1557705977480575
2006-07-13,0.112827,0.16230475190638105
2006-07-14,0.1598305,0.16134412216999686
2006-07-17,0.10622780000000001,0.16436038616961915
2006-07-18,0.0412407,0.16270368702197074
2006-07-19,-0.011779099999999999,0.15594691792122023
2006-07-20,-0.0530454,0.1476820896386731
2006-07-21,0.0235837,0.1435809984525742
2006-07-24,0.0412407,0.13683081209073594
2006-07-25,0.0470844,0.13196409022936498
2006-07-26,-0.041196,0.127913228926407
2006-07-27,-0.1829108,0.12420781761937658
2006-07-28,0.00591,0.13380997954480178
2006-07-31,-0.2311817,0.126376654349026
2006-08-02,0.00233,0.14054679374389054
2006-08-03,0.09239689999999999,0.1323535248944501
2006-08-05,-0.1230024,0.13195026237128615
2006-08-06,0.1566139,0.13528978271435702
2006-08-08,0.094863,0.14005046734069773
2006-08-09,0.0951748,0.1392832841510441
2006-08-11,-0.0892814,0.13859838198879923
2006-08-12,0.1467832,0.1383744478053456
2006-08-14,0.1062134,0.14206216218041595
2006-08-15,-0.0353756,0.14207981720033308
2006-08-16,0.0,0.13684983187457805
2006-08-17,-0.0472123,0.12896561785406005
2006-08-18,-0.017717899999999998,0.12571113345743984
2006-08-21,-0.0768611,0.1201288076772761
2006-08-22,0.0709535,0.12014009836826905
2006-08-23,-0.0177275,0.11886356102171519
2006-08-24,0.059063599999999994,0.11376302595892819
2006-08-25,-0.0472444,0.11197081111047097
2006-08-28,0.09443750000000001,0.10992373396020973
2006-08-29,-0.0412912,0.11131839297058159
2006-08-30,-0.029517699999999997,0.10879275164085997
2006-09-01,-0.0810251,0.1054125703935142
2006-09-02,-0.0581774,0.10685746391485963
2006-09-03,0.0910349,0.10613925102727051
2006-09-05,0.0,0.1075209679661855
2006-09-06,0.0177613,0.10168787415609232
2006-09-08,0.1300992,0.09741898377208945
2006-09-10,0.05294479999999999,0.10276653795498417
2006-09-11,0.0393064,0.10124461682996828
2006-09-13,-0.0378274,0.09872425763857003
2006-09-14,-0.00946,0.09676372393083477
2006-09-15,0.0354719,0.09246767810972767
2006-09-18,0.035442999999999995,0.09023405269107644
2006-09-19,0.1061557,0.0881479639659961
2006-09-20,0.0,0.09210055630421168
2006-09-21,-0.1770706,0.0873063395649212
2006-09-22,0.053197,0.09939401621894754
2006-09-25,0.0236222,0.09812516345973168
2006-09-26,0.0118063,0.09456218186137319
2006-09-27,0.05308860000000001,0.09030319385496201
2006-09-28,0.0235741,0.08964636794256642
2006-09-29,-0.0117855,0.08664778039077714
2006-10-02,-0.0524264,0.08322466471949665
2006-10-03,-0.0116605,0.08361720702768304
2006-10-04,-0.0213069,0.08038209794758017
2006-10-05,-0.1487912,0.07819673511692982
2006-10-07,-0.22031849999999997,0.08817346766425156
2006-10-08,-0.1597216,0.10470259271729766
2006-10-10,-0.0117599,0.11362153815022852
2006-10-11,-0.0869984,0.1083730299048097
2006-10-13,-0.1531074,0.11015051856088671
2006-10-16,0.0589513,0.11799725505616733
2006-10-17,-0.0884571,0.11589684631459096
2006-10-18,-0.0768088,0.11726301008530796
2006-10-19,0.00591,0.11747620560721934
2006-10-20,0.0413698,0.11119183903864498
2006-10-26,-0.0650274,0.10815095408143464
2006-10-27,-0.1897262,0.10795486007012
2006-10-30,-0.17265830000000001,0.11956498032989608
2006-10-31,0.0953446,0.12855012385463427
2006-11-01,0.0208495,0.12866841427897094
2006-11-05,-0.0181802,0.12277029725539464
2006-11-07,0.1549351,0.11743485866922009
2006-11-08,0.1360962,0.12342406152967582
2006-11-09,0.16960709999999998,0.1273392459283443
2006-11-10,0.052894699999999996,0.13383412572057196
2006-11-12,-0.018320799999999998,0.13011431891156858
2006-11-13,-0.0776112,0.12427201148155849
2006-11-14,0.0537456,0.12405085377022156
2006-11-15,0.0834723,0.12109999981118268
2006-11-16,0.1070864,0.12078072599876041
2006-11-17,0.0356369,0.12244403941005529
2006-11-20,-0.1189034,0.11815665822275867
2006-11-21,0.011904999999999999,0.122155620973304
2006-11-22,-0.0238133,0.11601375166631997
2006-11-23,-0.10732160000000002,0.11163715786034115
2006-11-24,-0.029858700000000002,0.11504648428415706
2006-11-27,-0.0418367,0.11126161321388771
2006-11-28,0.1015335,0.10878787065334854
2006-11-29,-0.0895761,0.11085931083783573
2006-11-30,-0.173706,0.11269273360354214
2006-12-01,-0.0985439,0.12233365737893062
2006-12-04,-0.008289999999999999,0.12414797102007998
2006-12-06,0.0591521,0.11786846182015917
2006-12-07,0.0178416,0.1157934507545375
2006-12-09,0.079239,0.11056197653205357
2006-12-10,-0.0352559,0.1106484275061301
2006-12-12,-0.1407168,0.10764043808162015
2006-12-13,0.0122544,0.11449359559192031
2006-12-14,0.1101339,0.10891289478427707
2006-12-15,-0.0574795,0.11170077309876358
2006-12-18,0.0635899,0.11057971667498574
2006-12-19,0.0976492,0.10938009988038233
2006-12-20,-0.07932320000000001,0.11108268755086659
2006-12-21,-0.10394950000000001,0.11196706184657537
2006-12-22,-0.0833391,0.11504016017433269
2006-12-26,-0.0208598,0.11600365073489631
2006-12-27,-0.0061400000000000005,0.11137256736198071
2006-12-28,-0.0946216,0.105798432632906
2006-12-29,0.0147598,0.10846154585874544
2007-01-03,-0.0123889,0.1034936235842024
2007-01-06,-0.0829964,0.09899431647437562
2007-01-08,0.2194836,0.1010773048575301
2007-01-10,-0.28052,0.11418775764388123
2007-01-11,-0.1471017,0.13456004781546846
2007-01-15,-0.1446557,0.1399369133866781
2007-01-16,-0.0284934,0.1446695232073748
2007-01-17,-0.024792,0.13865743472359526
2007-01-18,-0.006200000000000001,0.13276079870353766
2007-01-19,0.0,0.12569437073449014
2007-01-22,0.030992299999999997,0.1186008227050132
2007-01-23,-0.0123942,0.11421412031580983
2007-01-24,-0.024799099999999998,0.10897897189083484
2007-01-25,-0.0148863,0.1051757502344856
2007-01-26,0.049601099999999995,0.10077667820645468
2007-01-29,0.0,0.09912034299146226
2007-01-30,-0.0223135,0.09385699166716736
2007-01-31,-0.012401299999999999,0.0908673629170228
2007-02-02,-0.0124049,0.08721836323455599
2007-02-03,0.1113735,0.08381115540390859
2007-02-04,-0.0251401,0.08852944171741123
2007-02-07,-0.1132943,0.08614246140893972
2007-02-08,0.037514599999999995,0.09199963201595064
2007-02-10,0.0447496,0.08996213718916898
2007-02-11,0.17568309999999998,0.08864776800768201
2007-02-13,0.0248452,0.09875321586624447
2007-02-14,0.024831000000000002,0.0952450625517293
2007-02-15,-0.031041,0.09197241049917237
2007-02-16,-0.049711799999999993,0.08987242822791022
2007-02-21,0.0310765,0.08957056583997208
2007-02-22,-0.00621,0.087177478773263
2007-02-23,0.009940000000000001,0.08323953632585938
2007-02-26,-0.049728900000000006,0.07958098431204892
2007-02-27,0.00871,0.07997465562778033
2007-02-28,0.1737677,0.07643103770941542
2007-03-01,-0.2281061,0.08737792867515833
2007-03-04,0.1130158,0.10482105976805019
2007-03-05,-0.00888,0.1081523215736384
2007-03-07,-0.0693812,0.10303373868221931
2007-03-08,-0.1314433,0.10359069680442402
2007-03-09,-0.0769234,0.10986899711667271
2007-03-10,0.1276024,0.11062293972217943
2007-03-12,0.032316000000000004,0.1147717695019412
2007-03-13,0.0223262,0.11075787600948743
2007-03-14,0.1880762,0.10622924401568563
2007-03-15,-0.10507380000000001,0.11602936838097978
2007-03-16,0.0470056,0.11890687979262889
2007-03-19,-0.1089327,0.11577822541564795
2007-03-20,-0.0930565,0.11903037084854519
2007-03-21,-0.1867133,0.12058684393551299
2007-03-22,-0.2188516,0.1308538347851495
2007-03-23,0.0689008,0.14341548148789043
2007-03-26,-0.19697069999999997,0.14028788967022782
2007-03-27,-0.022639799999999998,0.14993626291883727
2007-03-28,0.1068067,0.1430382370743065
2007-03-29,0.0,0.14303209111297768
2007-03-30,-0.056512,0.13470464315251077
2007-04-01,0.0432472,0.1318533548899138
2007-04-04,-0.0753112,0.12750387308722108
2007-04-05,-0.029197099999999997,0.12684209621183948
2007-04-06,-0.0383596,0.12216974653684924
2007-04-07,0.13865170000000002,0.11862486252709423
2007-04-09,0.0855997,0.12312013428618546
2007-04-10,0.1653246,0.12283003929090629
2007-04-12,-0.1034959,0.12930420731668152
2007-04-13,-0.1234866,0.1310544605954194
2007-04-16,-0.0530305,0.1345064082836693
2007-04-17,-0.029067999999999997,0.13136346809033023
2007-04-18,-0.0531309,0.12635825806795947
2007-04-19,-0.0760142,0.1238104928632192
2007-04-20,-0.012682,0.12347954171320409
2007-04-23,-0.0126857,0.11762246597506461
2007-04-24,0.0126857,0.11217551706528073
2007-04-25,-0.0444161,0.10678892736043505
2007-04-27,0.0101563,0.10485381968265886
2007-04-30,0.021574199999999998,0.09977055809902154
2007-05-01,-0.0185292,0.0959336103234157
2007-05-02,0.0,0.09247581054153046
2007-05-03,0.0160637,0.0876566841826716
2007-05-04,-0.037704600000000005,0.08419269802105168
2007-05-06,0.0575267,0.08320171499963222
2007-05-07,0.0565938,0.08338982381095128
2007-05-09,0.0346881,0.08348816332914294
2007-05-10,-0.203566,0.08178974309909956
2007-05-11,0.051918099999999995,0.09714756175980917
2007-05-12,-0.1297177,0.09592869890344242
2007-05-14,-0.0803623,0.10262598226463962
2007-05-15,0.00766,0.10420922748615878
2007-05-16,-0.0102136,0.09897400959938878
2007-05-17,-0.00766,0.09459395392681774
2007-05-18,0.0102154,0.09028872111519602
2007-05-21,-0.1214632,0.08618869384776136
2007-05-22,0.0,0.09282997857129055
2007-05-23,-0.0512442,0.08798732442978809
2007-05-24,-0.0320584,0.0879510192929956
2007-05-25,0.0640931,0.08620995209643355
2007-05-28,-0.0320347,0.08673857064386752
2007-05-29,-0.015385099999999999,0.08507626714508791
2007-05-30,0.1561613,0.08206795939288404
2007-05-31,0.0702174,0.09091624412596208
2007-06-02,-0.05586579999999999,0.09163136168547081
2007-06-03,0.00865,0.09176208361913193
2007-06-04,-0.059136499999999995,0.08744116508990664
2007-06-06,0.216638,0.08815428308775228
2007-06-07,-0.050302,0.10214187034548654
2007-06-08,0.1164413,0.10105055147190967
2007-06-09,0.024760199999999996,0.1049502025565673
2007-06-11,0.058333699999999995,0.10101362113171045
2007-06-12,0.0,0.10005218459892748
2007-06-13,0.1253557,0.0947260697264633
2007-06-14,-0.07517,0.09986108066861625
2007-06-15,-0.056463,0.10116705630022119
2007-06-18,-0.2808939,0.10069295376147722
2007-06-19,-0.0404571,0.12249203524887443
2007-06-20,-0.0189773,0.11910754693868682
2007-06-21,0.1956996,0.11409752966683703
2007-06-22,0.059167300000000006,0.12394393254134037
2007-06-25,0.1042905,0.12143824140908402
2007-06-26,0.0564385,0.12281975326631188
2007-06-27,0.2935488,0.12017370149441228
2007-06-28,-0.23092529999999997,0.13852968384090894
2007-06-29,-0.1944278,0.15162619030827063
2007-07-02,-0.0310676,0.16010861998355497
2007-07-03,-0.074175,0.15318853452186418
2007-07-05,-0.0127005,0.15053752646447704
2007-07-06,0.22820959999999998,0.14274592942350048
2007-07-08,-0.11017310000000001,0.15314050703137155
2007-07-09,-0.0867226,0.15370696991837518
2007-07-11,-0.2663794,0.15212968571179947
2007-07-12,-0.1496559,0.1675453758063018
2007-07-13,-0.0944187,0.17059043900786602
2007-07-16,-0.018908400000000002,0.16842245997045838
2007-07-17,0.0126065,0.15984553971734128
2007-07-18,0.0629777,0.1510507331546874
2007-07-19,-0.0970237,0.1468857549244269
2007-07-20,-0.1934331,0.1467398089259884
2007-07-23,-0.126894,0.1555242241489788
2007-07-24,-0.19742140000000002,0.1574239719972211
2007-07-25,0.1847116,0.16571931663560502
2007-07-26,0.158606,0.17049397523679757
2007-07-27,0.4285006,0.17269432997478046
2007-07-30,0.07518079999999999,0.19877295085778113
2007-07-31,-0.1881967,0.19198574676778948
2007-08-01,0.0617334,0.19662378936284158
2007-08-02,0.024855899999999997,0.18893266883296508
2007-08-03,0.0185556,0.17892406223471977
2007-08-05,-0.0635584,0.16917730359433258
2007-08-06,0.23330579999999998,0.16439880600673204
2007-08-08,-0.0188074,0.1734577302685973
2007-08-10,-0.21990289999999998,0.16449746345609031
2007-08-13,-0.0187425,0.17434714730995413
2007-08-14,0.0124959,0.16531496636793222
2007-08-15,0.19944670000000003,0.15610854701693916
2007-08-16,0.198535,0.16290790154458412
2007-08-17,0.13226559999999998,0.1690850292854255
2007-08-20,-0.22149409999999997,0.16920620754392068
2007-08-21,-0.0657994,0.17881717856479015
2007-08-22,0.0372572,0.1735068598244081
2007-08-23,-0.3777744,0.1656316785848079
2007-08-24,0.2659069,0.19107755573028634
2007-08-27,-0.13961659999999998,0.20075376320574428
2007-08-28,0.22664959999999998,0.20027805514989774
2007-08-29,0.0955353,0.20582747733331794
2007-08-30,-0.00868,0.2001221079643379
2007-09-01,-0.166882,0.18828972006692665
2007-09-02,-0.024855899999999997,0.19127003075108667
2007-09-03,-0.061883,0.18148504050378755
2007-09-04,-0.0352686,0.17563126140504057
2007-09-05,-0.06365159999999999,0.16791749687161622
2007-09-07,-0.1512564,0.16324173278603243
2007-09-08,-0.1130158,0.16677050997540355
2007-09-10,0.168862,0.16655410984235083
2007-09-11,-0.1305365,0.16992304398597674
2007-09-13,-0.18625950000000002,0.17104298701572077
2007-09-14,-0.12711429999999999,0.1771900546067723
2007-09-17,0.0623574,0.1774375395288345
2007-09-18,0.0834188,0.17125530801989802
2007-09-19,-0.45388549999999994,0.16722680272308907
2007-09-20,-0.1157918,0.20055396026403974
2007-09-21,-0.0163868,0.19796862626180708
2007-09-24,-0.15788180000000002,0.18695350420311446
2007-09-25,0.0417366,0.1892196806235857
2007-09-26,-0.1202594,0.18051333406975145
2007-09-27,-0.0888258,0.1798874487753701
2007-09-28,-0.025412200000000003,0.17651546374538493
2007-10-01,0.1175023,0.1678905153983794
2007-10-04,0.0314912,0.16688820262219156
2007-10-05,-0.0930991,0.1590522995853122
2007-10-07,-0.0758262,0.15764113256925666
2007-10-08,0.28199,0.15480400904752034
2007-10-09,0.1670961,0.1689816562686297
2007-10-10,-0.19193949999999999,0.17201171771917928
2007-10-12,-0.091348,0.1786102449791571
2007-10-16,0.1606952,0.17555857771779665
2007-10-17,0.0256562,0.1775373270042085
2007-10-18,-0.1799122,0.1684494424481244
2007-10-19,-0.13542490000000001,0.17421403129886454
2007-10-22,0.19976490000000002,0.17544310991988002
2007-10-23,0.006430000000000001,0.18072151582239082
2007-10-24,-0.1029744,0.16989668550340792
2007-10-25,-0.10967850000000001,0.16854274480166032
2007-10-26,-0.1553133,0.1678914115872774
2007-10-29,-0.10645109999999999,0.1714278637211597
2007-10-30,0.0740242,0.17026706103439243
2007-10-31,-0.0675258,0.16555766630818539
2007-11-01,-0.0123537,0.16139796631331416
2007-11-04,-0.012593700000000001,0.15278188774034168
2007-11-05,0.0778089,0.14481769029478714
2007-11-06,0.06284110000000001,0.1423078385248161
2007-11-07,0.2082043,0.13877285133954453
2007-11-09,0.022231,0.14772816207496745
2007-11-10,-0.11557220000000001,0.140571335873148
2007-11-12,-0.1242805,0.14257829510880274
2007-11-13,0.1687339,0.14522880788313106
2007-11-14,-0.1427321,0.1502541226910338
2007-11-15,0.259165,0.1540101899345069
2007-11-16,0.2768882,0.16621150784184846
2007-11-19,-0.2123379,0.17895184455114604
2007-11-20,0.1738081,0.18689474746667686
2007-11-21,-0.16735840000000002,0.18907474035810687
2007-11-22,0.1994689,0.1920359466695526
2007-11-23,-0.10283729999999999,0.19595697474157764
2007-11-26,-0.2452189,0.192583168427789
2007-11-27,0.1743768,0.20249149841078087
2007-11-28,0.08371010000000001,0.20347890294763638
2007-11-29,-0.0514948,0.1970089989208565
2007-11-30,-0.1677811,0.18907170739493642
2007-12-01,0.0432226,0.19207175278946928
2007-12-02,0.0186432,0.18326564639027237
2007-12-03,-0.0743761,0.1731996946598451
2007-12-04,0.0440621,0.169065064520778
2007-12-06,0.0188346,0.16205870148145723
2007-12-07,0.0440365,0.1535873986780134
2007-12-09,-0.152139,0.14772438148980158
2007-12-10,-0.0707792,0.1525470440911326
2007-12-11,0.228182,0.14964398011786953
2007-12-12,0.1242805,0.1594676697879095
2007-12-13,-0.1636009,0.15966561789574393
2007-12-14,0.0524194,0.16461431180447
2007-12-17,0.18949159999999998,0.15860217169022453
2007-12-18,0.24705439999999998,0.16434853453220227
2007-12-19,-0.0259396,0.1746127982017053
2007-12-21,0.0324221,0.16617535231896313
2007-12-24,-0.1558475,0.15846557597669475
2007-12-26,0.0325144,0.16279139523038957
2007-12-27,-0.0195057,0.15533949588692741
2007-12-28,-0.1890082,0.14777839909158952
2007-12-31,-0.23578100000000002,0.15605789198491504
2008-01-04,-0.1023073,0.16813875653855523
2008-01-07,-0.0066500000000000005,0.1668594643351751
2008-01-08,-0.0199691,0.15735585655056694
2008-01-12,0.1318588,0.14968654174785453
2008-01-14,0.0199997,0.15125785375699669
2008-01-15,-0.0199997,0.14366929852936766
2008-01-16,0.0199997,0.13699967443172995
2008-01-17,0.305515,0.1304412234577345
2008-01-18,0.013234600000000001,0.14896663534682741
2008-01-21,-0.13252819999999998,0.14101535330212656
2008-01-22,0.3766442,0.14454273252233524
2008-01-24,-0.4164817,0.16847755727075608
2008-01-25,-0.35349359999999996,0.19768173407797526
2008-01-28,0.013391799999999999,0.2176171355220623
2008-01-29,-0.0938291,0.20452071516050724
2008-01-30,0.0402373,0.19968747301101697
2008-01-31,-0.0469471,0.19006540436194727
2008-02-01,0.032824,0.182266244614517
2008-02-04,0.1023073,0.1733850409408837
2008-02-05,0.054973999999999995,0.17072337565704793
2008-02-06,-0.24168560000000003,0.164458356955839
2008-02-07,0.10624950000000001,0.1763991288496196
2008-02-09,0.4271261,0.17382791153689425
2008-02-12,0.13742559999999998,0.19966334028294414
2008-02-13,-0.12065610000000002,0.197831840420515
2008-02-14,0.0402559,0.19589195688203656
2008-02-15,-0.1007099,0.18656139368274613
2008-02-18,-0.1279021,0.18372698200948256
2008-02-19,0.0,0.1835367809584998
2008-02-20,-0.0067399999999999995,0.17222717903823492
2008-02-21,0.0067399999999999995,0.16233296971930386
2008-02-22,-0.0661181,0.15289853761219918
2008-02-25,0.005399999999999999,0.14955896816814218
2008-02-26,-0.0405251,0.14095406072106453
2008-02-27,-0.1421366,0.13625230447203654
2008-02-28,-0.0271265,0.1410352782973309
2008-02-29,-0.1631155,0.1351683461908178
2008-03-01,-0.032824,0.1420023755609214
2008-03-03,0.1495459,0.1365572440100768
2008-03-04,0.0272413,0.14061841474301368
2008-03-06,0.0,0.13437000080816067
2008-03-07,-0.10624950000000001,0.12666258624731297
2008-03-09,0.2088415,0.12886048205004588
2008-03-10,0.23175790000000002,0.13867750061429676
2008-03-11,-0.5088848,0.14972431049896007
2008-03-12,0.0,0.19126815782846068
2008-03-13,-0.287432,0.17937556071542485
2008-03-14,0.08231770000000001,0.19446608670708096
2008-03-17,0.2936972,0.1885801870367809
2008-03-18,-0.12952829999999999,0.2008938674116799
2008-03-19,-0.1778776,0.19950444365955905
2008-03-21,0.3618288,0.20259016229897872
2008-03-24,0.0747203,0.21972135440091226
2008-03-25,0.00679,0.2112724987591928
2008-03-26,-0.26545779999999997,0.19815414045553634
2008-03-27,0.2111371,0.20950941592551797
2008-03-28,0.1627589,0.21299792464735218
2008-03-31,-0.27841659999999996,0.21218831408437092
2008-04-01,-0.3031506,0.22357376042627622
2008-04-02,-0.08732240000000001,0.23632295390841482
2008-04-03,-0.1291229,0.2284213779615845
2008-04-04,0.0476312,0.22481309440746342
2008-04-06,0.10086579999999999,0.21382899230330005
2008-04-07,0.0199416,0.20792699127883912
2008-04-08,0.05323049999999999,0.19608650237383574
2008-04-09,-0.1327829,0.18776349104304546
2008-04-11,0.2521221,0.18769640251806963
2008-04-12,-0.0453621,0.19646182599663956
2008-04-14,0.12380909999999999,0.18803805758111808
2008-04-15,0.0137348,0.18600121981537882
2008-04-16,0.00687,0.17534693239667926
2008-04-17,-0.1650789,0.1649581636437196
2008-04-18,-0.05516600000000001,0.1696254430782898
2008-04-21,-0.0414206,0.16408187886577852
2008-04-22,-0.027635700000000003,0.15776028041105303
2008-04-23,-0.14537650000000002,0.15071825218091583
2008-04-24,0.0485129,0.15468214213051906
2008-04-25,0.2004068,0.14909431774724025
2008-04-28,0.0826572,0.15653825683547307
2008-04-29,-0.027534899999999998,0.1535527606395339
2008-04-30,0.061929,0.1468108607521027
2008-05-02,0.0336063,0.14287320941986437
2008-05-03,-0.12268209999999999,0.13696469130095804
2008-05-05,0.0205973,0.1398950116244182
2008-05-06,0.3611895,0.133175758470672
2008-05-08,0.0465232,0.15676233071178253
2008-05-09,0.3657504,0.15086317162975788
2008-05-11,-0.25828969999999996,0.17313632032319257
2008-05-12,0.015524000000000001,0.18594045965222547
2008-05-13,0.0337473,0.17542999256617248
2008-05-14,0.4296657,0.1671347087526437
2008-05-15,0.2929485,0.19388272547517618
2008-05-16,-0.2528844,0.2056774915571792
2008-05-20,0.0,0.21520644656757162
2008-05-21,-0.31482889999999997,0.2014842854072827
2008-05-22,-0.2494596,0.2172899196362821
2008-05-23,0.0675629,0.22552043263392185
2008-05-26,0.080937,0.21605102686996855
2008-05-27,0.3489945,0.20838279357838418
2008-05-28,-0.0802886,0.22385565472748617
2008-05-29,-0.0469037,0.2163274279820586
2008-05-30,0.06029539999999999,0.20650466312825966
2008-06-02,-0.006719999999999999,0.19793959589491167
2008-06-03,-0.1778216,0.1861078487117986
2008-06-05,-0.21331150000000001,0.1902647673073526
2008-06-06,-0.0199875,0.19737000537865926
2008-06-08,0.09952520000000001,0.18670644623071903
2008-06-10,0.08737070000000001,0.1828003423237926
2008-06-11,0.2766804,0.17821344026575697
2008-06-13,0.00265,0.18991428220342932
2008-06-16,0.0,0.17810459987535737
2008-06-17,-0.24609749999999997,0.16720215705665376
2008-06-18,-0.1737715,0.17933577576124515
2008-06-19,0.240422,0.1836621091883209
2008-06-20,-0.026647900000000002,0.19175201936232472
2008-06-23,0.0732425,0.1820833465977338
2008-06-24,0.0199538,0.17641797186071265
2008-06-25,-0.0199538,0.16696796515288964
2008-06-26,-0.0999068,0.1585881783558867
2008-06-27,0.10655899999999999,0.15781983593128548
2008-06-30,0.026599,0.15668467736997635
2008-07-01,-0.013228599999999998,0.14921725490463456
2008-07-03,0.0684791,0.1415666744721571
2008-07-04,-0.0748725,0.13854029648324723
2008-07-05,0.0551485,0.1370334722873151
2008-07-07,-0.0199416,0.13326356641407033
2008-07-08,0.0992976,0.12733627172158837
2008-07-10,-0.006229999999999999,0.12787049794637495
2008-07-11,0.1224055,0.12115312732792416
2008-07-14,-0.1406894,0.1240769932742324
2008-07-15,-0.2895083,0.1296622004255023
2008-07-16,0.1214244,0.14947055134696785
2008-07-17,0.0673116,0.15019062232974412
2008-07-18,0.18791940000000001,0.14643722914539062
2008-07-21,-0.0804373,0.15301363659675918
2008-07-22,0.0670415,0.15092989064591977
2008-07-23,0.0,0.1471002751162406
2008-07-24,0.0267876,0.138479295332197
2008-07-25,0.10698560000000001,0.13234902226868686
2008-07-28,0.1706307,0.13315172575585302
2008-07-29,-0.07057050000000001,0.13928172220567944
2008-07-30,0.046616000000000005,0.13733859883229246
2008-07-31,0.006660000000000001,0.13286372424111656
2008-08-01,-0.13914400000000002,0.12555615535332354
2008-08-04,-0.00681,0.13088271233134363
2008-08-05,0.7580456,0.12400157201636032
2008-08-07,-0.0865195,0.19343082364775754
2008-08-08,0.1649932,0.1888158273727076
2008-08-09,-0.49894049999999995,0.19010975329545857
2008-08-10,0.1990753,0.22574798189255865
2008-08-13,-0.2154988,0.22691071349417016
2008-08-14,0.17639660000000001,0.2312006488669847
2008-08-15,0.1432027,0.230050110740794
2008-08-18,-0.07805200000000001,0.22628217636665093
2008-08-19,0.0195262,0.21836898014023773
2008-08-20,-0.0716389,0.2056906338731419
2008-08-21,0.1431598,0.19882862591586856
2008-08-22,-0.025994,0.1975321508472205
2008-08-25,0.3496128,0.18736769449825505
2008-08-26,0.2892094,0.20476606803595654
2008-08-27,-0.22477399999999997,0.2153085322592928
2008-08-28,0.045048,0.22141185621795292
2008-08-29,0.17332,0.21049020538880353
2008-09-01,0.00664,0.21075124408144336
2008-09-04,-0.0477209,0.19766137819058255
2008-09-05,0.0135379,0.18934882367879566
2008-09-06,0.0665892,0.1784264785986562
2008-09-07,-0.09336799999999999,0.17250687364099226
2008-09-09,0.42981030000000003,0.17009977535902077
2008-09-10,0.0496266,0.19656268425739679
2008-09-12,-0.0956201,0.1879187230013316
2008-09-15,-0.1257914,0.18452969115691084
2008-09-16,0.0629412,0.1840875276767007
2008-09-17,-0.0692404,0.17744849917917146
2008-09-18,0.1572052,0.17254236822930802
2008-09-19,0.0313729,0.17446580385379218
2008-09-22,-0.561854,0.16605608330451138
2008-09-23,-0.2038048,0.21152180996237765
2008-09-24,0.24191189999999999,0.21600533321680856
2008-09-25,0.10145589999999999,0.22155474314594079
2008-09-26,0.056965,0.21509374128410028
2008-09-29,0.107397,0.2056006577471663
2008-09-30,0.2014415,0.20086691789939978
2008-10-03,0.38150039999999996,0.20424212123589058
2008-10-04,-0.42497589999999996,0.22299069470284294
2008-10-06,0.0797725,0.24765959036474258
2008-10-07,-0.133732,0.23740721986888444
2008-10-09,0.0754093,0.23348680956149764
2008-10-10,0.1114529,0.22401201641421586
2008-10-11,-0.1776008,0.21815944164956796
2008-10-12,-0.14382609999999998,0.21971388569215075
2008-10-13,-0.0148439,0.218107555286594
2008-10-14,-0.2456592,0.20541417623790703
2008-10-15,0.2357604,0.21428670702703395
2008-10-16,0.1852268,0.21945764751287924
2008-10-17,0.0061600000000000005,0.21998265553457888
2008-10-20,-0.0246478,0.20614310337775665
2008-10-21,0.0308076,0.19520470364647366
2008-10-22,0.1721198,0.18518544920191404
2008-10-23,0.3908738,0.18735984005039455
2008-10-24,0.0425392,0.2085138783062899
2008-10-28,0.2120731,0.19839458171239718
2008-10-29,-0.23637609999999998,0.20286436775503996
2008-10-30,-0.24989299999999998,0.21108080198202628
2008-10-31,0.1220786,0.21987398772353772
2008-11-01,-0.2128573,0.21520431795184328
2008-11-02,0.0805617,0.22021735488020674
2008-11-03,0.0,0.21219368579485695
2008-11-04,0.0,0.1987037229938296
2008-11-06,0.0265583,0.18624669490080897
2008-11-07,0.053542200000000005,0.17657426675894333
2008-11-08,0.2561442,0.1697563871698802
2008-11-09,0.13165200000000002,0.18036643869006982
2008-11-11,0.47604420000000003,0.17956629263129162
2008-11-12,-0.361663,0.20949222134920634
2008-11-13,0.09066060000000001,0.22914987729829445
2008-11-14,-0.0604194,0.22122825053892295
2008-11-17,0.0604194,0.21218630036473898
2008-11-18,0.0386243,0.20319149427642771
2008-11-19,0.11807379999999999,0.1931742931587598
2008-11-20,0.1741143,0.19027175976898505
2008-11-21,0.0538938,0.19220950249771906
2008-11-24,0.0179498,0.18423501242553306
2008-11-25,-0.10781,0.17404202911769615
2008-11-26,0.00959,0.17280211641669177
2008-11-27,-0.0215894,0.16281426941258742
2008-11-28,-0.030003099999999998,0.15488160604081724
2008-12-02,0.0871068,0.14825456455106462
2008-12-03,-0.2448652,0.14624618894862382
2008-12-05,0.1013996,0.16005139931163806
2008-12-06,0.030521999999999997,0.1583260863555207
2008-12-08,0.22859379999999999,0.15104663052843031
2008-12-09,-0.1442111,0.16079115296509627
2008-12-11,0.1393816,0.1638649896976941
2008-12-12,-0.4624729,0.1649773039884405
2008-12-15,0.2196801,0.19948566499917658
2008-12-16,-0.1585463,0.20450944769525434
2008-12-17,-0.2819308,0.20543885456376762
2008-12-18,-0.5943396,0.21773782732044036
2008-12-19,-0.19993450000000001,0.26050265840555
2008-12-22,0.1562774,0.2606024693621939
2008-12-23,0.056122500000000006,0.2554293861179419
2008-12-24,-0.12481529999999999,0.2426958190281802
2008-12-26,0.0624525,0.2375640932307991
2008-12-30,0.0374284,0.22674461736256044
2008-12-31,-0.2313242,0.21481055284784262
2009-01-04,0.023809999999999998,0.22156164172264162
2009-01-06,-0.2545732,0.20896887056979238
2009-01-07,-0.012330899999999999,0.21837893923321477
2009-01-09,0.061541000000000005,0.20545190421952106
2009-01-10,-0.1126413,0.19706664213437858
2009-01-12,0.0384445,0.19447436680070915
2009-01-13,0.0303596,0.18510957355157143
2009-01-14,-0.0485856,0.17582066296584242
2009-01-15,0.2363431,0.16924109767385542
2009-01-16,-0.1574191,0.17816582811022771
2009-01-19,-0.12148110000000001,0.18108532867450325
2009-01-20,0.4297284,0.18052454522375608
2009-01-21,0.0601849,0.20594457118621454
2009-01-22,0.012027,0.19741399311070665
2009-01-23,0.150057,0.18576234298765992
2009-01-28,-0.1741143,0.1860586443617311
2009-01-29,-0.1144545,0.18987909788399632
2009-01-30,0.10242090000000001,0.18800780498525305
2009-02-01,0.0939286,0.18423567539949723
2009-02-03,0.3864064,0.18006729583379655
2009-02-04,-0.24467360000000002,0.20149210571202342
2009-02-06,-0.0311479,0.210601176261455
2009-02-07,-0.0678826,0.19987352023590274
2009-02-09,0.1289529,0.19313475246182657
2009-02-10,0.093888,0.19112158869245466
2009-02-11,0.2541599,0.18642145653311473
2009-02-12,-0.16426749999999998,0.19546900834510908
2009-02-13,0.06610719999999999,0.19763846129211132
2009-02-16,0.0,0.19021658761558188
2009-02-17,0.1977201,0.17840352218242012
2009-02-18,0.2859955,0.1832711175466247
2009-02-19,0.029683200000000003,0.1953611034656383
2009-02-20,0.1244483,0.18524194044960662
2009-02-23,-0.0592166,0.18347399839412382
2009-02-24,0.07105020000000001,0.17723749461978555
2009-02-25,-0.0236705,0.17176411051539062
2009-02-26,0.0591521,0.16334529740966708
2009-02-27,0.22404600000000002,0.15796386270634152
2009-03-02,0.108183,0.16674374167018727
2009-03-03,-0.19277339999999998,0.16506592035777612
2009-03-04,-0.4935218,0.17230390425881928
2009-03-06,-0.087333,0.20935869750796998
2009-03-07,0.11102550000000001,0.20357935214751632
2009-03-08,-0.1235547,0.19929608174442193
2009-03-09,-0.098215,0.19749952796730702
2009-03-11,-0.1141879,0.19359806843353033
2009-03-12,-0.0282962,0.1914135930104285
2009-03-13,0.0705692,0.1819113790382786
2009-03-16,0.011750400000000001,0.17604545650808523
2009-03-17,-0.2828906,0.16598383558370278
2009-03-18,-0.0769344,0.1818078231673557
2009-03-19,-0.1245672,0.17724371548338488
2009-03-20,-0.1308834,0.17725789953451962
2009-03-23,0.0238263,0.17783972315086818
2009-03-24,-0.2867824,0.16858597765670003
2009-03-25,0.09580469999999999,0.18456300496948636
2009-03-26,-0.0179473,0.18052092113469648
2009-03-27,-0.1738739,0.17095870728439627
2009-03-30,0.251592,0.1759628370731353
2009-03-31,0.1371614,0.18565745782385623
2009-04-02,-0.0600684,0.18489915972301374
2009-04-03,0.11109519999999999,0.1786283263308009
2009-04-05,-0.38587869999999996,0.17628072408411116
2009-04-06,0.22421680000000002,0.20150949228164963
2009-04-08,-0.2232881,0.20675211760518802
2009-04-09,-0.036888,0.21342631236454576
2009-04-11,0.05078730000000001,0.2029705933752442
2009-04-12,0.0963885,0.19392691638028506
2009-04-13,-0.006,0.18921193721466054
2009-04-14,-0.2469129,0.17798141276712715
2009-04-15,0.2649247,0.18928067497668516
2009-04-16,-0.361663,0.1990222534410753
2009-04-17,0.18723520000000002,0.21964349044271972
2009-04-20,0.3242363,0.22031968378344766
2009-04-21,0.21482049999999997,0.23257409243272673
2009-04-22,-0.0774515,0.23448760969259203
2009-04-23,0.0,0.22587517812350447
2009-04-24,-0.5641826,0.21132651633854133
2009-04-27,0.0965502,0.25158217231528224
2009-04-28,0.1864573,0.24234720058363454
2009-04-29,-0.22867159999999997,0.24111858071183753
2009-04-30,-0.46098729999999993,0.24543506217794148
2009-05-01,0.09996709999999999,0.2715408274981391
2009-05-02,0.1080634,0.26097124472437794
2009-05-03,0.0116777,0.25189853183774275
2009-05-05,-0.147908,0.2359851422685129
2009-05-06,-0.012426200000000002,0.2334361068702927
2009-05-08,-0.0435508,0.21934492554845778
2009-05-10,-0.093888,0.20900015179717346
2009-05-11,-0.00635,0.20382261645575767
2009-05-13,-0.14820239999999998,0.19151055069519046
2009-05-14,0.5165109,0.19253832153202607
2009-05-15,-0.1162934,0.2250059973778502
2009-05-18,0.29928289999999996,0.22053694195135556
2009-05-19,-0.3299383,0.23060933081423518
2009-05-20,0.0919012,0.24529559047161936
2009-05-21,-0.2516589,0.2361929792318719
2009-05-22,-0.383349,0.24303698735109439
2009-05-25,-0.11193159999999999,0.2617481954232602
2009-05-26,0.049783,0.25395233201756123
2009-05-27,-0.0311077,0.24083980971076394
2009-05-28,0.4211674,0.22775027668931688
2009-05-29,-0.1914963,0.2479180465682848
2009-06-01,0.23650369999999998,0.24829759521922926
2009-06-02,-0.168215,0.25071939810084104
2009-06-03,0.005840000000000001,0.24878301053692017
2009-06-04,-0.4257823,0.23266516746670346
2009-06-05,0.2830493,0.2564944454515648
2009-06-07,0.1414541,0.262131096550675
2009-06-08,0.0808453,0.25563789920256463
2009-06-10,-0.3081231,0.24483378629916364
2009-06-11,-0.1882378,0.2562063685134792
2009-06-15,0.2286254,0.2556107205873042
2009-06-16,0.1476566,0.25677099992614355
2009-06-17,-0.06146259999999999,0.25121251261196736
2009-06-18,-0.0615497,0.23989452856191962
2009-06-19,0.13529429999999998,0.22948236175348635
2009-06-22,0.04296,0.2251187094977756
2009-06-23,0.11027369999999999,0.2137444530463957
2009-06-24,-0.1532337,0.20860534869846573
2009-06-25,-0.0430025,0.20872894675445194
2009-06-26,0.05528109999999999,0.19915983905519702
2009-06-29,-0.036846300000000005,0.19076349079001267
2009-06-30,-0.1476984,0.1820426200058533
2009-07-01,-0.012415500000000001,0.18377135795030516
2009-07-04,0.3652112,0.17349459785248797
2009-07-05,-0.2521935,0.19357787804834234
2009-07-07,0.04296,0.2040625016145901
2009-07-08,0.09309640000000001,0.19431883670491132
2009-07-09,-0.160211,0.18930877906090884
2009-07-10,-0.1453865,0.19159992789164845
2009-07-12,0.1281862,0.19236632263896528
2009-07-13,0.2062584,0.19035042683073156
2009-07-14,-0.00605,0.1949800539359167
2009-07-15,-0.200206,0.1833167500707694
2009-07-16,-0.0243302,0.1897690808036451
2009-07-17,0.0911681,0.18005308040692222
2009-07-20,-0.2557546,0.17598162117982585
2009-07-21,-0.1897421,0.18829843709272903
2009-07-22,0.134741,0.1933769837401711
2009-07-23,-0.11634259999999999,0.19181812381841737
2009-07-24,-0.0490798,0.18996399107827663
2009-07-27,-0.1537327,0.18235649692817651
2009-07-28,-0.0493096,0.184608866302493
2009-07-29,0.006169999999999999,0.1774281366500587
2009-07-30,0.22755689999999998,0.16682965333228184
2009-07-31,-0.2460599,0.17518993829820204
2009-08-01,0.3893935,0.18664347459968536
2009-08-04,0.5959641,0.207728372812564
2009-08-05,0.1539507,0.24627251328072003
2009-08-06,0.22312880000000002,0.24207298363322216
2009-08-07,0.2873501,0.24389655782164132
2009-08-09,-0.0741433,0.25096386552379457
2009-08-10,-0.47749639999999993,0.24075675687526132
2009-08-12,-0.057637,0.2689663855445603
2009-08-13,-0.073996,0.2558997525179691
2009-08-14,-0.024693399999999997,0.24528551760540412
2009-08-17,0.2585827,0.2313007719859804
2009-08-18,0.055210800000000004,0.2369898806813858
2009-08-19,-0.055210800000000004,0.2256460148285575
2009-08-20,-0.04913530000000001,0.21581011789510238
2009-08-21,-0.0491909,0.20621912774855883
2009-08-24,-0.2467939,0.19737528676052601
2009-08-25,0.0371086,0.2070295972934623
2009-08-26,0.1665975,0.19659865454899242
2009-08-27,0.1045678,0.1974098691368131
2009-08-28,-0.1045678,0.19308487438942531
2009-09-01,0.1658201,0.1900871103726966
2009-09-04,-0.18573699999999999,0.19134930101986422
2009-09-06,0.0741222,0.1958123767324024
2009-09-07,0.1399283,0.18916846147616723
2009-09-09,-0.20206410000000002,0.18836374112066107
2009-09-10,-0.0128054,0.19457786428271595
2009-09-11,-0.3224024,0.183516957014688
2009-09-12,0.1726819,0.20167011052720094
2009-09-14,0.09940940000000001,0.20258247667977936
2009-09-15,0.0496195,0.19744050565503335
2009-09-16,-0.1428091,0.1887288408521171
2009-09-17,-0.2932958,0.18948891592530703
2009-09-18,0.13753400000000002,0.20426336645566914
2009-09-23,-0.20646470000000003,0.20207922634800216
2009-09-24,0.17524520000000002,0.2075806427457015
2009-09-25,-0.00625,0.20823358246865437
2009-09-28,0.0,0.1955749765003195
2009-09-29,0.1434449,0.18335588808732706
2009-09-30,-0.16219,0.18329426199178403
2009-10-02,-0.1809563,0.18624346216407206
2009-10-03,-0.2165186,0.190677785947637
2009-10-04,0.0,0.19804832032606964
2009-10-06,-0.0617597,0.18564118733581797
2009-10-07,-0.0486196,0.17946082484242998
2009-10-08,0.0123978,0.1726098985933682
2009-10-09,-0.0273446,0.16285480862782095
2009-10-11,-0.0513958,0.15541208052664082
2009-10-12,-0.070269,0.150598127186121
2009-10-13,-0.2363948,0.14779456132113578
2009-10-14,-0.2119297,0.1606365578897762
2009-10-15,-0.32957559999999997,0.1700459100871626
2009-10-16,0.2458033,0.190147145566424
2009-10-19,0.2059186,0.19816491506573783
2009-10-20,-0.3092453,0.2021346365166122
2009-10-21,0.39262159999999996,0.21734235399374394
2009-10-22,0.0320253,0.23590045492581393
2009-10-23,-0.12182180000000001,0.22282784650179704
2009-10-26,-0.0321152,0.21901956700478425
2009-10-27,0.2434823,0.20772284255144174
2009-10-28,0.2039843,0.21408982163359425
2009-10-29,0.27892310000000003,0.21660773536975947
2009-10-30,-0.3680484,0.22526116606969682
2009-11-02,0.2471185,0.2441044817319181
2009-11-03,-0.105725,0.24776160359408644
2009-11-05,-0.38900599999999996,0.24055042890024292
2009-11-06,-0.0742278,0.2600373549317335
2009-11-08,0.1361426,0.24911159524542423
2009-11-09,-0.024873700000000002,0.24324341987604284
2009-11-11,0.1091435,0.2294351309504504
2009-11-12,0.0447298,0.2229682695503125
2009-11-13,0.0,0.21190043163426853
2009-11-16,-0.2576658,0.19843304159751882
2009-11-17,0.06455989999999999,0.2090254077981376
2009-11-18,0.0515789,0.2006029922422919
2009-11-19,0.1351039,0.19180357573095078
2009-11-20,0.1922795,0.19039730840783559
2009-11-23,-0.1922795,0.1938451912203806
2009-11-24,0.0834256,0.19870879776789654
2009-11-25,-0.1194123,0.19258478003679963
2009-11-26,-0.009000000000000001,0.19094430849487282
2009-11-30,0.1348243,0.17983658016131715
2009-12-01,0.39661870000000005,0.1793383139058483
2009-12-02,-0.030061200000000003,0.20177746026838791
2009-12-03,-0.0352989,0.19163544561680015
2009-12-05,0.2658891,0.18271559640973573
2009-12-06,-0.030965700000000002,0.1930916175387436
2009-12-08,0.12339670000000001,0.18369002966352072
2009-12-10,0.21717960000000003,0.1819562294916927
2009-12-11,-0.0705909,0.1881926000864309
2009-12-14,0.14028020000000002,0.18258640922994995
2009-12-15,-0.0637076,0.1823238132919566
2009-12-16,0.2352527,0.17656514161627473
2009-12-17,0.13295710000000002,0.1847931472355731
2009-12-21,0.0189607,0.18375681841842934
2009-12-22,0.012635899999999999,0.173678661414087
2009-12-23,0.00632,0.1638625122685888
2009-12-24,-0.08218690000000001,0.15428276135889488
2009-12-28,-0.0760031,0.15225945099141558
2009-12-29,0.14555600000000002,0.14983914825509373
2009-12-30,-0.0695529,0.15254519787977758
2009-12-31,-0.08868329999999999,0.14953417105373779
2010-01-03,-0.24913629999999998,0.14844356747508494
2010-01-04,-0.21282470000000003,0.16247912310748802
2010-01-06,0.3722167,0.17182188630889791
2010-01-07,-0.0266725,0.19270756704997474
2010-01-09,-0.0276929,0.1829683986643168
2010-01-10,-0.0211045,0.17405358495578951
2010-01-11,-0.1959753,0.16524478053267586
2010-01-12,0.020626699999999998,0.17276897691894472
2010-01-13,0.0259396,0.16364394886451533
2010-01-14,-0.2144668,0.15561222497752686
2010-01-15,0.09111530000000001,0.16567822254353648
2010-01-18,0.038991,0.1626924192588052
2010-01-19,-0.07801699999999999,0.15575865488324842
2010-01-20,0.20773469999999997,0.15325572608129545
2010-01-21,0.2325199,0.1610002553709417
2010-01-22,0.3081026,0.17027008875652552
2010-01-25,0.1341106,0.18544855482016162
2010-01-26,0.00638,0.18445595289707514
2010-01-27,0.1908431,0.1733467900929303
2010-01-28,-0.13350199999999998,0.17803549881953976
2010-01-29,0.031823399999999995,0.17879305953789576
2010-02-02,0.12071689999999999,0.17009449887632067
2010-02-03,-0.0384558,0.16918743419126955
2010-02-04,-0.1268599,0.1622299110532631
2010-02-06,0.3821763,0.16361110373332252
2010-02-07,-0.43573939999999994,0.1862035906333478
2010-02-08,-0.3419659,0.2155935028613079
2010-02-09,-0.0277106,0.23277412282693744
2010-02-11,-0.00702,0.22002966107212063
2010-02-12,-0.11012229999999999,0.20652613511944717
2010-02-17,-0.4209673,0.20297092026088562
2010-02-18,0.1343873,0.229168415864819
2010-02-19,0.1658101,0.22475637429712067
2010-02-22,-0.1913757,0.22325632658106404
2010-02-23,0.0319546,0.22564571365693536
2010-02-24,0.0383145,0.21336986233979
2010-02-25,0.0892692,0.20254434084699166
2010-03-02,-0.16527619999999998,0.19659149831333508
2010-03-03,-0.1606002,0.19876300009820547
2010-03-05,0.2578631,0.2003368373941012
2010-03-06,-0.5346652000000001,0.20854549265208186
2010-03-08,0.016475999999999998,0.24596495913805133
2010-03-09,-0.1457715,0.23089196962493086
2010-03-11,-0.1264732,0.22856297652576285
2010-03-12,-0.034470600000000004,0.22470908704384981
2010-03-15,0.1349861,0.21317047983849757
2010-03-16,0.0588431,0.21007643765052286
2010-03-17,-0.24899269999999998,0.20112050322629876
2010-03-18,-0.0197183,0.21066704325012106
2010-03-19,0.0197183,0.19896157449167545
2010-03-22,0.2097728,0.18779011569935544
2010-03-23,-0.0392553,0.19292404019606324
2010-03-24,-0.0392908,0.1842454900818079
2010-03-25,0.1569504,0.17622875813503103
2010-03-26,-0.1831641,0.17784288392476608
2010-03-29,-0.3752738,0.18315591223178954
2010-03-30,-0.3452068,0.20663483691037302
2010-03-31,0.1994925,0.2249383996668355
2010-04-01,-0.06345619999999999,0.22620154440850182
2010-04-02,0.10178279999999999,0.21703214877180116
2010-04-03,-0.0321914,0.2109526786214012
2010-04-05,-0.0677104,0.20028694229649882
2010-04-06,0.00664,0.1935013443173995
2010-04-08,0.0658417,0.18172909585115224
2010-04-10,-0.00704,0.17549987274996773
2010-04-11,-0.038013899999999996,0.16538723235714503
2010-04-13,0.5347938,0.15867452932472528
2010-04-14,-0.3444923,0.19675649371841258
2010-04-15,-0.21074050000000003,0.2158873218189097
2010-04-16,0.2920437,0.22064955048966287
2010-04-19,0.1284196,0.23008858048084915
2010-04-20,-0.1351891,0.2251208719969075
2010-04-21,-0.20357589999999998,0.22231380824895694
2010-04-22,0.1493822,0.22589174307383827
2010-04-23,-0.013559,0.22295851605351685
2010-04-26,-0.36086450000000003,0.20978015020445878
2010-04-27,0.102436,0.22933295439103743
2010-04-28,0.23808200000000002,0.22233693333339596
2010-04-29,0.0610107,0.22703991295918033
2010-04-30,-0.20370319999999997,0.2169341896298274
2010-05-01,-0.39551179999999997,0.22096499872221642
2010-05-02,0.3039251,0.2428985254829414
2010-05-03,-0.0580048,0.2514623416722052
2010-05-04,-0.2077808,0.23982782265991723
2010-05-05,0.4114009,0.24234678833829035
2010-05-07,-0.040443400000000004,0.2603115811481463
2010-05-08,0.0205551,0.24647144709003596
2010-05-10,0.32253210000000004,0.2316746528881065
2010-05-13,-0.2908157,0.2428004139347204
2010-05-14,-0.1291229,0.2527249700281661
2010-05-17,0.6216862,0.2471638708158042
2010-05-18,-0.120936,0.28394357907105955
2010-05-19,0.1879775,0.27512627205956636
2010-05-20,0.346957,0.2713349535566604
2010-05-21,0.7510741,0.2811248477416726
2010-05-24,-0.0719085,0.32659357156854335
2010-05-25,0.47111610000000004,0.31003886876954184
2010-05-26,-0.1971946,0.3270907102097004
2010-05-27,-0.3852875,0.3213719979515297
2010-05-31,-0.7609529,0.33321488194786575
2010-06-01,-0.0128186,0.3806882269173943
2010-06-04,-0.2695815,0.3546167336355618
2010-06-05,0.2009076,0.3529771795547876
2010-06-07,-0.0134895,0.34370574788383274
2010-06-08,-0.2679778,0.32078860814292726
2010-06-09,-0.1392864,0.3219250852053371
2010-06-10,-0.2662672,0.3115640004083387
2010-06-12,-0.048304799999999995,0.31333823374695835
2010-06-14,-0.1792276,0.29586849481412353
2010-06-15,-0.0665688,0.2911838063655052
2010-06-16,-0.037323100000000005,0.2770828371556337
2010-06-17,0.22345910000000002,0.2616321167013608
2010-06-18,-0.2194587,0.26186547563881696
2010-06-21,-0.8143050000000001,0.2636132617489254
2010-06-22,0.0339531,0.3248578289921702
2010-06-23,0.4121049,0.30476436718678646
2010-06-24,-0.1616733,0.31718976933214676
2010-06-25,0.3428393,0.30917907891573587
2010-06-28,-0.20806980000000003,0.3153269807685792
2010-06-29,0.0537909,0.31156599970577276
2010-06-30,0.34802639999999996,0.2941067981143035
2010-07-01,-0.21849719999999997,0.3020051997601087
2010-07-04,-0.22367149999999997,0.3002981298671379
2010-07-05,0.3791827,0.2991981512291409
2010-07-06,0.8613192000000001,0.30929932527569515
2010-07-07,-0.087784,0.36223132862994495
2010-07-09,0.1045066,0.34405347876600434
2010-07-10,0.1053006,0.32787097622887335
2010-07-13,0.0610298,0.31310080817873703
2010-07-14,-0.1153505,0.2960798807992038
2010-07-15,0.1017958,0.2857810589056209
2010-07-16,0.040651599999999996,0.27419984960931615
2010-07-19,0.27004249999999996,0.2587546286566923
2010-07-20,-0.1078156,0.26310629138959657
2010-07-21,-0.0472536,0.2548419362034056
2010-07-22,0.0944559,0.24201851309755912
2010-07-23,-0.2636398,0.23337986062346872
2010-07-26,-0.129022,0.24157310064246834
2010-07-27,-0.0680606,0.23690210455219768
2010-07-28,0.08845800000000001,0.22728725398348285
2010-07-29,0.0407661,0.2193369645018887
2010-07-30,-0.136036,0.20824099475117366
2010-08-01,0.1029592,0.20685230087061116
2010-08-02,0.0,0.20166355993384924
2010-08-03,-0.310674,0.18898086263322636
2010-08-04,0.1939151,0.2054914637928381
2010-08-06,-0.19574599999999998,0.20786393282308555
2010-08-07,-0.1218408,0.21190702726957608
2010-08-09,-0.0696431,0.2089654416077246
2010-08-10,0.028037100000000002,0.20167617056215795
2010-08-11,0.1012965,0.19094622401701883
2010-08-12,0.048304799999999995,0.18685686690775977
2010-08-13,-0.3146084,0.17884767894815595
2010-08-16,0.26688,0.1966524294353389
2010-08-17,-0.2394321,0.20594571813046555
2010-08-18,-0.0411784,0.21419066630170777
2010-08-19,-0.44168260000000004,0.20404286236817196
2010-08-20,0.0693097,0.23224570972685707
2010-08-23,-0.0970646,0.2223862600312571
2010-08-24,0.0970646,0.21643620961801202
2010-08-25,0.09684809999999999,0.2100253446042216
2010-08-26,-0.0345638,0.20409830695148448
2010-08-27,0.0552889,0.19416299840150344
2010-08-30,-0.0898803,0.18614976335183517
2010-09-02,-0.0126212,0.18239075632501078
2010-09-03,-0.038991,0.17223529399134238
2010-09-04,-0.24831240000000002,0.16509621796864324
2010-09-06,0.07187600000000001,0.1776227679867511
2010-09-07,-0.0814175,0.17218628994716934
2010-09-08,-0.0896947,0.16874749930499272
2010-09-09,-0.055795,0.16630066273763766
2010-09-11,0.00281,0.16106068411205288
2010-09-12,-0.1589179,0.15141466482992053
2010-09-13,-0.1468039,0.15657824003905962
2010-09-14,0.0489898,0.1602180383786439
2010-09-15,0.2023711,0.15425955786283688
2010-09-17,-0.1604237,0.16145926194964985
2010-09-20,-0.0419473,0.16597250067395578
2010-09-21,-0.0475893,0.15955585128491365
2010-09-22,-0.1276286,0.15410434283653116
2010-09-23,-0.00702,0.15617991939493092
2010-09-24,0.0912163,0.14749346281979397
2010-09-27,-0.11229339999999999,0.1458765112291606
2010-09-28,0.00703,0.14718457116649233
2010-09-29,-0.0942544,0.13887856809887436
2010-09-30,0.0520762,0.13908086060870162
2010-10-02,-0.1074283,0.1349165109901954
2010-10-03,-0.20201300000000003,0.13660653890668153
2010-10-05,-0.971167,0.14704327443871115
2010-10-06,-0.1373213,0.25064920838605814
2010-10-08,0.1516826,0.24597800484248594
2010-10-11,0.0954463,0.24161835720344718
2010-10-12,-0.00692,0.23309035451637974
2010-10-13,-0.12600429999999999,0.21856161600328577
2010-10-14,-0.19673619999999997,0.21546219706753003
2010-10-15,0.0422329,0.2189762154715696
2010-10-18,0.1054028,0.20802321946300179
2010-10-19,0.1890828,0.20293976190346938
2010-10-20,0.2508366,0.20511425830593552
2010-10-21,-0.1461452,0.21232399236325378
2010-10-22,-0.0655771,0.2115148027147339
2010-10-25,-0.1931196,0.20367519653245053
2010-10-26,0.0,0.20781829519679534
2010-10-27,0.1749638,0.19466458395969155
2010-10-28,-0.0209585,0.19632410487713706
2010-10-29,0.027942400000000003,0.1858228362158836
2010-11-01,-0.5823464,0.17629073391093397
2010-11-02,-0.14576840000000002,0.22275302502315023
2010-11-03,-0.0392081,0.22107685144936
2010-11-05,-0.08814040000000001,0.2102257136631909
2010-11-06,-0.49400829999999996,0.20444929579217566
2010-11-08,0.0893823,0.23802540355923665
2010-11-10,0.0210159,0.22930029503982038
2010-11-11,-0.11090589999999999,0.21588766850961813
2010-11-15,0.2504348,0.21166543010556352
2010-11-16,0.0900811,0.21829748695210507
2010-11-18,-0.0554124,0.211182505250037
2010-11-19,-0.124937,0.20249067893180267
2010-11-22,-0.2509574,0.20056626460185295
2010-11-23,0.13263039999999998,0.2103445827293852
2010-11-24,0.2501943,0.2072819947124018
2010-11-25,-0.0277283,0.21425712775147468
2010-11-26,0.09697170000000001,0.202955632402018
2010-11-29,0.1864076,0.19758874080035788
2010-11-30,0.075715,0.1999689866081924
2010-12-01,0.1820126,0.19313222247759426
2010-12-02,0.00635,0.19550147177065824
2010-12-03,-0.16768650000000002,0.18355494167729214
2010-12-04,-0.0476536,0.18698610950711048
2010-12-05,0.29760210000000004,0.179482010672277
2010-12-07,0.0339425,0.19292208449383372
2010-12-08,0.34207370000000004,0.18332213394124974
2010-12-10,0.0839622,0.20040306286532983
2010-12-11,0.3207104,0.19419116505843853
2010-12-13,-0.040173299999999995,0.2084036681543912
2010-12-14,-0.0568603,0.1986171323712431
2010-12-15,0.0762589,0.19101985444278075
2010-12-16,0.0692103,0.18491396013979494
2010-12-17,-0.0692103,0.17871144861418947
2010-12-20,0.2169508,0.17370691988143364
2010-12-21,-0.2169508,0.180592849635441
2010-12-22,-0.0485129,0.18883415968543413
2010-12-23,-0.1737041,0.18126374200196627
2010-12-24,-0.2863874,0.1854298803760038
2010-12-27,-0.0659265,0.19988952549964542
2010-12-28,-0.0182527,0.19297968654177935
2010-12-29,0.0140412,0.18250263278380607
2010-12-30,-0.1406168,0.1721355254620784
2011-01-03,-0.10687260000000001,0.17399749456332125
2011-01-04,0.0215235,0.17267735279816546
2011-01-06,-0.0432852,0.16362926193857527
2011-01-07,-0.0762716,0.15750253300187764
2011-01-08,-0.23574989999999998,0.15471509002395242
2011-01-11,0.32378670000000004,0.16690655926065526
2011-01-12,-0.37119409999999997,0.18380019139775408
2011-01-13,-0.0993809,0.2068043324733936
2011-01-14,0.0284178,0.2022806306085949
2011-01-17,0.014201900000000002,0.19153415856365597
2011-01-18,0.0141973,0.18049804678225098
2011-01-19,-0.0852533,0.17029360008123592
2011-01-21,0.1278173,0.1673366429968279
2011-01-24,-0.059601299999999996,0.16722505180304967
2011-01-25,-0.08244119999999999,0.1622475908210586
2011-01-26,0.014225199999999999,0.15964964726771952
2011-01-27,-0.028455,0.1509955090673369
2011-01-28,0.0568914,0.1445197386448673
2011-01-31,0.0568169,0.14034555699277484
2011-02-02,-0.22771509999999998,0.1364693925782507
2011-02-03,-0.049963999999999995,0.1494259585860273
2011-02-06,0.2734136,0.14492796027840402
2011-02-08,0.18428889999999998,0.1591873341358812
2011-02-09,-0.1503533,0.16444314061769325
2011-02-11,0.4326234,0.16779498747775173
2011-02-12,-0.2103728,0.1947593314325484
2011-02-14,0.0997396,0.20122229163527575
2011-02-16,-0.0427175,0.1962124947214677
2011-02-17,-0.06415509999999999,0.18758038449726747
2011-02-18,-0.0785407,0.18146047100375468
2011-02-21,-0.0429003,0.1770636848305505
2011-02-22,0.1927187,0.16989944872685195
2011-02-23,0.0142415,0.17502210017075004
2011-02-24,0.0142368,0.16523081048498423
2011-02-25,0.0142322,0.15616632447671017
2011-02-28,-0.00712,0.1477681641837314
2011-03-01,-0.2755192,0.13970265638464063
2011-03-03,-0.1072597,0.15714406191067057
2011-03-05,-0.051149400000000005,0.15714450176894107
2011-03-06,-0.18976780000000001,0.1521810191796765
2011-03-08,0.3268418,0.16017690941345972
2011-03-10,0.2510576,0.1779548084627557
2011-03-11,0.26994250000000003,0.1874373051455419
2011-03-14,0.0,0.1977697361638506
2011-03-15,0.2066885,0.1853838031653321
2011-03-16,0.0639452,0.19045056189274898
2011-03-17,0.0780276,0.1834071111359006
2011-03-18,-0.28441130000000003,0.17802397363207084
2011-03-21,-0.0756822,0.19293854924467937
2011-03-22,-0.0600684,0.18741282284248656
2011-03-23,-0.09169290000000001,0.1809506428501167
2011-03-24,0.027241500000000002,0.1777503355654842
2011-03-25,-0.0573705,0.1687706522876559
2011-03-28,0.00718,0.16348298338429615
2011-03-29,0.0358595,0.1539980422120796
2011-03-30,-0.0329897,0.1474573629755635
2011-03-31,-0.0114805,0.1416304800409074
2011-04-01,-0.0354497,0.13437945371637672
2011-04-03,-0.050145300000000004,0.12971118324940348
2011-04-04,-0.0215235,0.1266604577141111
2011-04-05,0.1459815,0.1213383647881666
2011-04-07,-0.2050129,0.12625661021404833
2011-04-08,-0.00438,0.13784481019578027
2011-04-10,0.027054599999999998,0.13026103960204935
2011-04-11,-0.3394296,0.12473932783277951
2011-04-13,-0.0143332,0.15033401350307637
2011-04-14,-0.1004647,0.14269646666362615
2011-04-15,-0.0287469,0.1431737387667693
2011-04-18,0.0359307,0.13729187052023573
2011-04-19,0.0861126,0.13197009149567118
2011-04-20,-0.1839138,0.13107885357999308
2011-04-21,-0.09657879999999999,0.14022108925793345
2011-04-22,-0.0505371,0.14053284877724648
2011-04-25,-0.1447167,0.13673450208358742
2011-04-26,-0.0144982,0.1417204733608949
2011-04-27,-0.23554819999999999,0.13472059656340343
2011-04-28,-0.2529608,0.14860123201232117
2011-04-29,0.1756206,0.16299982057287568
2011-05-01,0.0921092,0.16721852001327772
2011-05-04,0.0215235,0.16419703641195663
2011-05-05,0.109165,0.15577831621737515
2011-05-07,0.108402,0.15501084112812435
2011-05-08,0.5297667,0.1542385560836904
2011-05-09,0.058451499999999997,0.19234488586306356
2011-05-10,-0.298532,0.18472090252151546
2011-05-12,0.1274526,0.2004234267267892
2011-05-13,0.20236759999999998,0.19771874737219722
2011-05-16,0.3804902,0.20142580263390408
2011-05-18,-0.09445229999999999,0.22033938303078146
2011-05-19,-0.1205099,0.2143220923655726
2011-05-20,-0.1194046,0.2110718011294521
2011-05-23,0.4414503,0.2079802554445127
2011-05-24,0.12104290000000001,0.23183904087043639
2011-05-25,0.0923351,0.2261374136607954
2011-05-26,-0.2347736,0.2185866514730192
2011-05-27,-0.322205,0.2253430309098121
2011-05-30,-0.0719269,0.23975397875497767
2011-05-31,-0.07204619999999999,0.23024704381925953
2011-06-01,0.0565856,0.22150153136624282
2011-06-04,-0.0272649,0.2114799300717107
2011-06-05,0.1885717,0.20035348998183616
2011-06-06,-0.24272819999999998,0.20269289616324038
2011-06-07,-0.050553900000000006,0.21151867210891812
2011-06-09,0.19669499999999998,0.20238247157078568
2011-06-10,-0.061317,0.20523772915374172
2011-06-12,-0.027675300000000003,0.19751582278735785
2011-06-13,0.42964359999999996,0.18749602869757204
2011-06-14,-0.2859562,0.2122278330057713
2011-06-15,0.05734209999999999,0.22432514613510363
2011-06-16,0.1715734,0.21414271146608474
2011-06-17,0.0499148,0.21396729434937484
2011-06-20,-0.11703359999999999,0.20400619434625064
2011-06-21,-0.0257326,0.20126040658978606
2011-06-22,-0.09305039999999999,0.1907887702356931
2011-06-23,0.0715949,0.18695178947017838
2011-06-24,0.021455500000000002,0.18078432797138735
2011-06-27,0.2921674,0.17112439250057646
2011-06-28,-0.0710793,0.18480245273062873
2011-06-29,-0.1853525,0.17949780249287559
2011-06-30,-0.2723308,0.18488037120244022
2011-07-01,-0.0495084,0.19802983863572735
2011-07-02,-0.0857019,0.1898430347533195
2011-07-03,0.042985300000000004,0.1854326482148842
2011-07-04,0.0200916,0.17711164829536075
2011-07-06,0.20236759999999998,0.1676205131318317
2011-07-07,0.0794155,0.17374816305576857
2011-07-09,-0.036357799999999996,0.16920916985788137
2011-07-10,-0.3628555,0.16206928559226055
2011-07-12,-0.131699,0.1863233611138378
2011-07-13,-0.1004647,0.18627155229531167
2011-07-14,-0.2203997,0.18343779555570347
2011-07-15,-0.0534676,0.19176864943182986
2011-07-18,0.1587652,0.184402518403611
2011-07-19,-0.037474,0.1855268159971468
2011-07-20,-0.15022010000000002,0.17725701846211267
2011-07-21,-0.1159085,0.1795914448114501
2011-07-22,-0.145322,0.1786475174775719
2011-07-25,-0.10201550000000001,0.18042731978451493
2011-07-26,-0.222348,0.17818112298313735
2011-07-27,-0.3356712,0.18712994625528326
2011-07-28,0.2284796,0.20626744225716998
2011-07-29,0.0220473,0.2114815571951993
2011-08-02,-0.0572287,0.19953143779353033
2011-08-03,0.0,0.19189575360177308
2011-08-04,-0.0603027,0.17995565560501717
2011-08-06,0.0144188,0.17408036458826726
2011-08-07,-0.1951889,0.16437313492713823
2011-08-08,0.0288424,0.17189406151959374
2011-08-09,0.0436258,0.16347768571439336
2011-08-11,0.0486527,0.15685229478362453
2011-08-12,0.07629549999999999,0.15111570420789475
2011-08-15,-0.17571920000000002,0.14801846702103874
2011-08-16,-0.20127869999999998,0.15502238120228262
2011-08-17,0.1299169,0.1638790974177376
2011-08-18,-0.045207899999999995,0.16420589492965132
2011-08-19,0.10929320000000001,0.1582027525576651
2011-08-22,-0.1238864,0.15726283060058505
2011-08-23,-0.051115,0.15875593807175176
2011-08-24,0.0073100000000000005,0.1536701425975739
2011-08-25,0.1895212,0.14491476435408895
2011-08-26,0.0726731,0.15175020757987157
2011-08-29,-0.1483824,0.14831356629463957
2011-09-02,0.0143143,0.15274209086818938
2011-09-03,0.0071600000000000006,0.14460048894035005
2011-09-05,-0.2540378,0.13649133766747107
2011-09-06,0.1007978,0.15205945164118193
2011-09-08,0.3374712,0.15088531948781692
2011-09-09,0.1233689,0.17049895563578502
2011-09-11,-0.2158768,0.16977869005668195
2011-09-12,0.3382427,0.1788096249507119
2011-09-13,0.307631,0.1959484702065573
2011-09-14,0.5173186,0.20885432438613788
2011-09-15,0.11256630000000001,0.23970865268860836
2011-09-19,0.224261,0.2326998077219003
2011-09-20,0.4519958,0.23538971647770815
2011-09-21,-0.41007550000000004,0.25762603153733127
2011-09-22,0.5551052,0.27758996064821084
2011-09-23,0.4117217,0.3051440570019303
2011-09-26,0.1227592,0.3175026658685025
2011-09-27,-0.4752272,0.3049732029484076
2011-09-28,0.1470951,0.32683577017628984
2011-09-29,0.2777065,0.3154629232122206
2011-09-30,0.084464,0.315639863412864
2011-10-01,0.0282974,0.30024386624627464
2011-10-02,0.1000679,0.2817307648597545
2011-10-03,0.057238199999999996,0.2703425356857598
2011-10-05,0.11486389999999999,0.25650258076982546
2011-10-06,-0.0287755,0.24833220005729337
2011-10-08,-0.35189000000000004,0.2344527974280621
2011-10-10,-0.24129450000000002,0.25090281331596176
2011-10-11,0.5687106,0.25555582581248565
2011-10-13,-0.3675799,0.2865177215386053
2011-10-14,0.13855320000000002,0.29981531879959367
2011-10-17,-0.2622383,0.29000531409755703
2011-10-18,-0.057097300000000004,0.2932584279637892
2011-10-19,-0.1186121,0.2781795581381764
2011-10-20,0.2785734,0.26963103022075613
2011-10-21,0.4145381,0.2737791732276447
2011-10-24,-0.4034323,0.28918724934026
2011-10-25,-0.029158899999999998,0.3056343479810664
2011-10-27,0.06662019999999999,0.287174839027141
2011-10-28,-0.8119199,0.27270959569898
2011-10-31,0.0,0.3325472592389893
2011-11-01,0.08478179999999999,0.3094249884703484
2011-11-02,0.0428158,0.2945659312650585
2011-11-03,0.0357356,0.2776417133715205
2011-11-04,-0.0388103,0.26153697305474577
2011-11-05,-0.1367079,0.24746001852936522
2011-11-07,0.1085465,0.24299257503487245
2011-11-08,0.0144188,0.23540013338107194
2011-11-10,-0.2843749,0.2209986153947932
2011-11-11,-0.0344651,0.23219162566957025
2011-11-14,-0.2420245,0.22006752516109718
2011-11-15,0.15919650000000002,0.22737288983913062
2011-11-16,0.3139094,0.22512168920085487
2011-11-17,-0.0933849,0.23606560119078118
2011-11-18,0.0302347,0.2287118327430503
2011-11-21,0.1549657,0.2160625865853855
2011-11-22,0.2116682,0.21436938259082758
2011-11-23,-0.07499,0.21750700047028673
2011-11-24,0.054551,0.21001631800033188
2011-11-25,0.074896,0.20072624273235637
2011-11-29,-0.1158028,0.1937658493401783
2011-11-30,-0.1503223,0.19171187671658982
2011-12-01,-0.1980822,0.19291540267048085
2011-12-04,0.1507345,0.1983900665564845
2011-12-05,0.23243780000000003,0.19775011519980792
2011-12-07,0.3598748,0.20399837275002475
2011-12-08,-0.22982800000000003,0.22082890126608054
2011-12-09,0.4039307,0.22694098470603588
2011-12-10,0.4926568,0.24563883993609914
2011-12-12,-0.0894814,0.2705919672195989
2011-12-13,0.3773216,0.26013200818214355
2011-12-14,0.11596659999999999,0.2735189953604312
2011-12-15,0.1224515,0.264060792787886
2011-12-16,-0.26574939999999997,0.2558868748853283
2011-12-19,0.006830000000000001,0.262365380955531
2011-12-20,0.1637047,0.24524617153129477
2011-12-21,-0.273185,0.24192221277469095
2011-12-22,0.0999118,0.25027730754659716
2011-12-23,-0.285288,0.24141410750188322
2011-12-27,0.0481365,0.25094087621129707
2011-12-28,0.1714819,0.23793889052429004
2011-12-29,0.07113749999999999,0.23584088165195816
2011-12-30,-0.00273,0.22584252197792332
2012-01-03,0.0,0.21152612830809375
2012-01-06,0.0341078,0.19808754219542135
2012-01-08,-0.3676075,0.18810692291501746
2012-01-10,0.06369509999999999,0.21034106493843815
2012-01-11,-0.0611412,0.20174830568660962
2012-01-13,-0.1107189,0.19428046137287108
2012-01-16,0.17287439999999998,0.1917348008800374
2012-01-17,-0.207532,0.19345314915884285
2012-01-18,-0.1876305,0.19975932397418952
2012-01-19,-0.1996375,0.20371665819167972
2012-01-20,-0.0028,0.2084550732238797
2012-01-25,-0.3230537,0.195488400462945
2012-01-26,-0.5676205,0.21262844553717994
2012-01-27,0.0071400000000000005,0.25310579123535976
2012-01-30,0.0214167,0.23674625947239622
2012-01-31,0.0428017,0.222781942320316
2012-02-02,-0.35797640000000003,0.2115774695898746
2012-02-03,-0.0333087,0.23068269718521542
2012-02-04,-0.1702005,0.2185782935291359
2012-02-05,-0.1577429,0.21942996539083923
2012-02-07,-0.2663344,0.21909187646075098
2012-02-08,0.1460282,0.22874921484922217
2012-02-10,-0.2695727,0.22531474825956388
2012-02-11,-0.00996,0.2347466909115178
2012-02-13,-0.1003652,0.2203446982493904
2012-02-14,0.279014,0.21484462989782724
2012-02-15,-0.1643298,0.22365446949321738
2012-02-16,0.299613,0.22356778427039864
2012-02-17,-0.085393,0.23341030533989912
2012-02-20,-0.3863601,0.22557189043622033
2012-02-21,0.028737400000000003,0.24617686965976018
2012-02-22,0.0287184,0.232038873378383
2012-02-23,-0.0129209,0.2190113268008474
2012-02-24,-0.24623119999999998,0.20608521793517692
2012-02-27,0.1441643,0.2149550662019772
2012-02-28,-0.0936523,0.21246723569125467
2012-02-29,-0.1589501,0.20699788163252925
2012-03-01,-0.336212,0.20776487013915418
2012-03-02,0.0287469,0.22508850022623167
2012-03-04,-0.1138387,0.2126059183692362
2012-03-05,0.1262401,0.2089011287230818
2012-03-07,-0.18534689999999998,0.2054330629691245
2012-03-08,0.0832248,0.20872217106799273
2012-03-09,-0.25035460000000004,0.20180690016317057
2012-03-10,0.170451,0.2114239115132274
2012-03-12,-0.0142719,0.21137342666258324
2012-03-13,-0.043099,0.19915170190943265
2012-03-14,0.22936879999999998,0.19032743317988618
2012-03-15,0.3276097,0.19692215853215747
2012-03-16,-0.14925439999999998,0.2115073787853635
2012-03-19,0.0355833,0.2110419707698894
2012-03-20,0.0923804,0.20018240869209683
2012-03-21,0.3816445,0.1946618778821275
2012-03-22,-0.0817005,0.21429781920691787
2012-03-23,-0.0380855,0.20764142206544184
2012-03-26,-0.09889600000000001,0.1977348551393299
2012-03-27,-0.0141464,0.19387513368086592
2012-03-28,-0.07080120000000001,0.18298134276819303
2012-03-29,0.0566502,0.17779121485619553
2012-03-30,-0.00708,0.17112839410474978
2012-04-01,-0.1822275,0.1613446919752112
2012-04-04,0.1919301,0.16789420657331885
2012-04-05,0.0744243,0.17310958267771642
2012-04-06,0.1837206,0.16821814236287289
2012-04-07,-0.1060717,0.17271079219091448
2012-04-09,-0.15370799999999998,0.17141785351827382
2012-04-10,-0.07094,0.17452988724126486
2012-04-12,0.0,0.1699934397798539
2012-04-13,-0.15586440000000001,0.15969501818577278
2012-04-16,0.1671782,0.16392594606890165
2012-04-17,-0.08209190000000001,0.16735900818961905
2012-04-18,-0.0425223,0.16434492351001725
2012-04-19,0.0750946,0.1580990274788104
2012-04-20,0.0311332,0.15438647627361937
2012-04-23,-0.0920491,0.14744437908132793
2012-04-24,0.0920491,0.14681065586450373
2012-04-25,-0.0877964,0.14531238925824974
2012-04-26,-0.08939459999999999,0.14445723176608738
2012-04-27,-0.0995436,0.1438086120413979
2012-04-30,-0.23554529999999999,0.14411964680839442
2012-05-01,0.00277,0.15719212208932282
2012-05-03,0.26431689999999997,0.14782667739844643
2012-05-04,0.0283621,0.16101516962109735
2012-05-06,-0.061153900000000004,0.1533677599001214
2012-05-07,0.2160023,0.14955761785998636
2012-05-09,0.12580149999999998,0.15832089744707042
2012-05-10,-0.0781681,0.15873195580168548
2012-05-11,0.2058776,0.1560200765645624
2012-05-12,0.0428017,0.1633812673554199
2012-05-14,0.0452111,0.1566977916029429
2012-05-15,0.1339437,0.15069922675844574
2012-05-16,0.35750370000000004,0.15236734174452388
2012-05-17,-0.0419068,0.1737175110181795
2012-05-18,0.3687855,0.1667188332505536
2012-05-21,-0.0693429,0.18776497079790647
2012-05-22,-0.11813760000000001,0.1820826501697491
2012-05-23,0.2428752,0.18114520260171352
2012-05-24,0.0345858,0.1896543817926612
2012-05-25,0.344352,0.18035303457638766
2012-05-28,-0.3139392,0.19790619364978387
2012-05-29,0.1971656,0.21394241659805902
2012-05-30,0.0343778,0.21590372096446556
2012-05-31,0.3081816,0.20457405054348127
2012-06-01,0.1518997,0.21678548059446312
2012-06-03,0.0791261,0.21478387595835582
2012-06-04,-0.014178699999999999,0.20707037348128965
2012-06-06,-0.23180610000000001,0.19517167167653315
2012-06-07,0.12334030000000001,0.20360086927730278
2012-06-08,-0.3967459,0.20031321011643985
2012-06-09,0.0766997,0.22431912637302245
2012-06-11,-0.06378869999999999,0.21566744464843698
2012-06-12,0.00713,0.2073501250016989
2012-06-13,0.006830000000000001,0.19455944780874349
2012-06-14,0.0204711,0.18272164409412708
2012-06-15,-0.2051466,0.1728392325798565
2012-06-18,-0.2750449,0.18060723427093284
2012-06-19,0.1239858,0.19438763573028706
2012-06-20,0.006880000000000001,0.19187178362530177
2012-06-21,0.16473970000000002,0.1802416306235908
2012-06-22,0.2799927,0.18219018919025387
2012-06-25,0.00681,0.1938446228715333
2012-06-26,0.057133300000000005,0.1820595122935676
2012-06-27,-0.0367199,0.17511269643294602
2012-06-28,-0.02722,0.1675625989955983
2012-06-29,-0.00681,0.15976027021753716
2012-07-03,0.11483579999999999,0.15079355691140645
2012-07-05,0.3489472,0.1508686817779609
2012-07-06,-0.1300796,0.1715573282559126
2012-07-08,-0.0069900000000000006,0.17250928511786
2012-07-09,-0.0766997,0.16261527038769272
2012-07-11,-0.10652310000000001,0.1594826772287003
2012-07-12,0.0797707,0.15923939640266366
2012-07-13,0.0204486,0.15581900874478338
2012-07-16,-0.1433429,0.1479324632884301
2012-07-17,-0.2055998,0.15192466610907113
2012-07-18,-0.0343615,0.16144659561942057
2012-07-19,-0.11013970000000001,0.15471119686731935
2012-07-20,0.0482205,0.15515551221473536
2012-07-23,0.24030269999999998,0.14950959206623662
2012-07-24,0.0684144,0.16041387332637674
2012-07-25,0.0819553,0.1559918233860118
2012-07-26,-0.1777656,0.15299024597230743
2012-07-27,-0.16473970000000002,0.15978992980772644
2012-07-30,-0.0991446,0.1648343803911612
2012-07-31,-0.0869376,0.1635244758466419
2012-08-02,-0.2666381,0.1612284594607992
2012-08-03,-0.1795647,0.17587273214326174
2012-08-05,-0.0851976,0.18101069075303802
2012-08-06,0.2052112,0.17723315895457709
2012-08-08,-0.0629869,0.18283106118429515
2012-08-10,0.2199323,0.1769711283438907
2012-08-11,0.1207065,0.18384774901516077
2012-08-13,0.0920116,0.18188200343861827
2012-08-14,0.0626236,0.17773900140851281
2012-08-15,0.0555897,0.17155521948967903
2012-08-16,0.09711109999999999,0.16527683409290544
2012-08-17,-0.00693,0.16280792613893072
2012-08-22,-0.124917,0.153627206320757
2012-08-23,-0.3208744,0.15549247307104386
2012-08-24,-0.056047,0.17607339486834797
2012-08-27,0.1609407,0.17012164163885063
2012-08-28,0.18817250000000002,0.17254635360587633
2012-08-29,-0.020867800000000002,0.1770725371789116
2012-08-30,0.14586469999999999,0.16801778009646895
2012-09-01,0.1445012,0.16934833149509812
2012-09-02,0.04335,0.17046252253523952
2012-09-03,-0.19476739999999998,0.16329558447848674
2012-09-04,0.1415794,0.170864175961063
2012-09-05,0.184384,0.17161860705563525
2012-09-07,0.2047919,0.1758978596478271
2012-09-08,-0.0420421,0.18156749020601642
2012-09-10,-0.06373670000000001,0.17398989595883352
2012-09-11,0.0,0.1688646621157069
2012-09-13,0.1058137,0.15864991386201466
2012-09-14,-0.4817672,0.15739110856188043
2012-09-18,0.1422518,0.1949059447883203
2012-09-19,0.0780404,0.19384299564003485
2012-09-20,-0.014178699999999999,0.18766297834787024
2012-09-21,-0.0141834,0.17724246171121452
2012-09-24,0.0708705,0.1676057987020032
2012-09-25,0.00708,0.16284336283028464
2012-09-26,0.1766432,0.15339777578105895
2012-09-27,-0.035271199999999996,0.15845833000967427
2012-09-28,-0.1555346,0.15202201776293303
2012-10-01,-0.28948480000000004,0.15682384612975966
2012-10-02,0.3667381,0.17411831585732135
2012-10-04,-0.0565764,0.19428438245752522
2012-10-05,0.0,0.18699478775554954
2012-10-07,-0.00681,0.17542493060735678
2012-10-08,0.20143180000000002,0.16529839970980287
2012-10-09,-0.1118056,0.17153219117289117
2012-10-10,0.1979855,0.17084212716772712
2012-10-12,0.0838859,0.17633763486405185
2012-10-15,0.028376,0.1719620665614701
2012-10-16,-0.0851836,0.163504023121686
2012-10-17,-0.1708702,0.16105416382720616
2012-10-18,-0.049963999999999995,0.1665677082990936
2012-10-19,0.1354832,0.16080094707449097
2012-10-22,0.064029,0.1618249267599517
2012-10-23,-0.0711492,0.1569464040292318
2012-10-24,0.1279847,0.15374875516813688
2012-10-25,-0.1279847,0.15468878034478056
2012-10-29,0.0441262,0.15675194710786108
2012-10-30,0.119343,0.15066332127239435
2012-10-31,-0.0638929,0.15112085224445945
2012-11-01,0.082907,0.14771723356155647
2012-11-05,0.0537493,0.14540715546226615
2012-11-06,-0.23950749999999998,0.14091667235079364
2012-11-07,-0.020439000000000002,0.15465378087564796
2012-11-09,-0.049005599999999996,0.14722273162868457
2012-11-10,-0.0352884,0.1428026336480843
2012-11-12,0.1205685,0.1375127173704092
2012-11-14,0.0283621,0.1390614737324754
2012-11-16,0.1061932,0.13301356828847288
2012-11-19,-0.0991055,0.133701350968644
2012-11-20,-0.09222949999999999,0.134726207284659
2012-11-21,0.14181059999999998,0.13505389789315875
2012-11-22,-0.0850308,0.13857369740169911
2012-11-23,-0.00426,0.13797062619277176
2012-11-26,-0.1022672,0.1303676599456627
2012-11-27,-0.0284503,0.13192706681081898
2012-11-28,0.007109999999999999,0.1268282329951072
2012-11-29,-0.0398553,0.119982957979328
2012-11-30,-0.0883814,0.11672328275852109
2012-12-01,-0.0552538,0.1180225349634167
2012-12-03,0.3025953,0.11625660812772434
2012-12-04,0.0282974,0.13585413365233967
2012-12-06,0.22585690000000003,0.1300313759431145
2012-12-07,-0.0204486,0.14127016257404007
2012-12-09,-0.35871959999999997,0.1348121962213382
2012-12-10,-0.2194305,0.16141213958440673
2012-12-11,-0.0141834,0.17147245520725835
2012-12-12,-0.14188009999999998,0.16226632581896255
2012-12-13,-0.0711142,0.16501208762488054
2012-12-14,0.0853231,0.16120812131448606
2012-12-17,0.0,0.1580892901670331
2012-12-18,-0.0355309,0.14866837120456283
2012-12-19,-0.042675500000000005,0.1429727446329646
2012-12-20,0.11370830000000001,0.13831140904659892
2012-12-21,0.0283806,0.13922928032313894
2012-12-24,0.049621500000000006,0.13317076283204382
2012-12-26,0.0778623,0.1292363276707482
2012-12-27,-0.0778623,0.12786904685696812
2012-12-28,-0.06380949999999999,0.12740903569937834
2012-12-31,-0.031229899999999998,0.12572969346856044
2013-01-03,0.0280824,0.12131238491275927
2013-01-04,0.1263709,0.1165045494433098
2013-01-07,-0.19171159999999998,0.12011047444585167
2013-01-08,-0.1539934,0.13090528313317093
2013-01-10,-0.21383980000000002,0.13721313380616618
2013-01-11,0.12907459999999998,0.14874794125222365
2013-01-14,-0.0503613,0.15015851712220468
2013-01-15,-0.1586597,0.14564137779944075
2013-01-16,0.1586597,0.1512339531366923
2013-01-17,0.07480149999999999,0.15493673330453048
2013-01-18,-0.1252213,0.15143565362004135
2013-01-21,0.1223467,0.15349633403353627
2013-01-22,0.2150687,0.15398812351974142
2013-01-23,0.0285955,0.1623102584440365
2013-01-25,0.2096013,0.15458562659334918
2013-01-29,0.3513362,0.1623846833778162
2013-01-30,0.0,0.18221703717045842
2013-01-31,0.3023025,0.1710065441947233
2013-02-01,-0.2963798,0.18560025898933077
2013-02-04,-0.203779,0.20101555612316774
2013-02-05,0.2926957,0.20635604644306796
2013-02-07,0.061713899999999995,0.21706592492972984
2013-02-08,0.194076,0.2077944073572014
2013-02-09,-0.2111112,0.20999472591060606
2013-02-10,-0.12074919999999999,0.2152755281359144
2013-02-12,-0.0471364,0.21197103735058548
2013-02-13,-0.0210329,0.20250608722427318
2013-02-14,-0.1404803,0.19153906043257518
2013-02-15,0.1054028,0.1918679558239347
2013-02-18,0.0743307,0.1880392953772261
2013-02-19,-0.0042,0.182007273702355
2013-02-20,-0.0420624,0.17116722156391903
2013-02-21,0.1470406,0.16437293726718208
2013-02-22,-0.0979717,0.16608349003362258
2013-02-25,0.0490135,0.1645741506800715
2013-02-26,-0.006999999999999999,0.15829444438134038
2013-02-27,-0.0420149,0.1494514208999176
2013-02-28,-0.10521549999999999,0.1442601489880433
2013-03-01,-0.0214519,0.14504914383634476
2013-03-04,0.0914675,0.13840421302401812
2013-03-05,-0.10685510000000001,0.1374800119885541
2013-03-06,0.049243699999999994,0.1389260860846236
2013-03-07,0.1777936,0.13454639292737045
2013-03-09,-0.2919638,0.14118643106579504
2013-03-10,-0.48638249999999994,0.16016117007345254
2013-03-12,-0.0809245,0.19785649892766158
2013-03-13,-0.034964499999999996,0.19240984269749553
2013-03-14,0.1257408,0.18340242935002055
2013-03-15,0.0488011,0.1818825932550008
2013-03-18,0.2293264,0.1742890671617278
2013-03-19,-0.1736208,0.18219217968146678
2013-03-20,0.1111972,0.18627647900357458
2013-03-21,-0.12511689999999998,0.18334896757379537
2013-03-22,-0.0696655,0.1829382459468047
2013-03-25,-0.3219084,0.17765223034610608
2013-03-26,0.028087,0.19628859130251577
2013-03-27,0.09115730000000001,0.18597393900507767
2013-03-28,0.049005599999999996,0.18144914645787777
2013-03-29,-0.2104144,0.1739045201085469
2013-04-01,0.128553,0.1820806749870922
2013-04-02,0.0210126,0.18089348279395195
2013-04-03,0.151332,0.17119075909518147
2013-04-04,-0.2325639,0.1727300100090651
2013-04-06,0.08428809999999999,0.18310100465596113
2013-04-07,0.0477434,0.178243361409689
2013-04-09,0.5425443,0.17084055345354493
2013-04-10,0.0678797,0.20826633243737136
2013-04-11,0.1505592,0.2001657705180829
2013-04-12,0.0134979,0.19937136918604909
2013-04-15,0.0714653,0.18768481656232533
2013-04-16,-0.014283699999999998,0.18145111882287412
2013-04-17,-0.1287647,0.17150745517884367
2013-04-18,0.0358063,0.17234445940310264
2013-04-19,0.0500793,0.1644418797250012
2013-04-22,0.050021600000000006,0.15825662144342217
2013-04-23,0.2236764,0.1525252069673927
2013-04-24,-0.0526099,0.16171737997600855
2013-04-25,-0.1782089,0.15654184528044818
2013-04-26,-0.050029800000000006,0.16309948950023648
2013-04-29,-0.0858997,0.15759685818456573
2013-04-30,0.0143284,0.15565486445223403
2013-05-02,-0.07709579999999999,0.1473016395960609
2013-05-03,-0.0601894,0.14534614324586767
2013-05-04,-0.1202935,0.14204236408656387
2013-05-06,-0.12649359999999998,0.14436891985611952
2013-05-07,0.0068200000000000005,0.1470856529141045
2013-05-08,-0.073513,0.13877045832692453
2013-05-09,-0.2968983,0.1371259223855493
2013-05-12,0.114563,0.15698736905113142
2013-05-13,0.23193350000000001,0.15657231576236624
2013-05-14,-0.2101371,0.16615515024468486
2013-05-15,0.14503090000000002,0.1749407887780566
2013-05-16,0.1373321,0.1756651857280819
2013-05-17,0.1656652,0.17569674798392418
2013-05-20,-0.028766000000000003,0.17807986411587945
2013-05-21,-0.1008313,0.1696245793216607
2013-05-22,0.0864411,0.16810038856257858
2013-05-23,0.2654488,0.16455380293789712
2013-05-27,-0.0500958,0.17642083681424525
2013-05-28,0.078696,0.16992681655487998
2013-05-29,0.2778696,0.16561832311486696
2013-05-30,0.14181059999999998,0.17849658103148255
2013-05-31,0.24705970000000002,0.178678300588728
2013-06-02,-0.0210499,0.18775369390584726
2013-06-03,0.0280054,0.1779106589340369
2013-06-05,-1.1125250999999998,0.1689788184719387
2013-06-06,0.0492358,0.28692185208214693
2013-06-08,-0.2011247,0.2711182503066446
2013-06-09,0.5460413,0.27044376623777
2013-06-11,0.0341453,0.29786638880674177
2013-06-12,-0.06735340000000001,0.28000013868783846
2013-06-13,0.027596199999999998,0.26687476620663375
2013-06-14,-0.3462187,0.25100224695769746
2013-06-17,0.1388189,0.2654362515530191
2013-06-18,0.283199,0.2584627701274914
2013-06-19,0.1168845,0.2639453720678918
2013-06-20,0.525514,0.255336014656484
2013-06-21,0.1151706,0.2823505623214074
2013-06-24,0.0946176,0.27211031104389927
2013-06-25,-0.0608019,0.26107078059713
2013-06-26,-0.2644631,0.24890875958010417
2013-06-27,-0.054448500000000004,0.2558612009498519
2013-06-28,-0.1364206,0.24357149800548994
2013-07-01,-0.0213991,0.23939255566382403
2013-07-02,0.0701267,0.22559308223491242
2013-07-03,0.0908932,0.21632075333632886
2013-07-05,0.0585007,0.20942533508660138
2013-07-06,-0.0492358,0.20049272191692655
2013-07-08,0.3080116,0.19209346967577887
2013-07-10,-0.1562823,0.20536559311168445
2013-07-11,-0.020484,0.20602233750424206
2013-07-15,0.2735722,0.1947390920195986
2013-07-16,-0.0409261,0.204772573010414
2013-07-17,0.11585740000000001,0.19533026130151196
2013-07-18,0.0951804,0.19208028061589993
2013-07-19,0.0339425,0.1874103855955707
2013-07-22,-0.27228579999999997,0.17822856029632492
2013-07-23,-0.1367858,0.19194772687868747
2013-07-24,0.1299567,0.19191210498660694
2013-07-25,0.2587526,0.1900762269904796
2013-07-26,0.1017163,0.19921664933000158
2013-07-29,0.18788660000000001,0.1945216144137477
2013-07-30,0.11584069999999999,0.19727097803518306
2013-07-31,0.27489210000000003,0.19386876908365716
2013-08-01,-0.0571158,0.20409015473510386
2013-08-02,-0.0140163,0.19609368323774448
2013-08-03,-0.0349364,0.18502020660564214
2013-08-04,-0.09931600000000002,0.17657091140682998
2013-08-05,0.102187,0.1743810088889274
2013-08-07,0.3462155,0.1716336892796567
2013-08-10,0.1155672,0.1901450986313539
2013-08-11,0.1227592,0.1872737123450126
2013-08-13,0.2005057,0.18521043788264357
2013-08-14,0.179667,0.18976771423037284
2013-08-15,0.09949480000000001,0.19220898336113204
2013-08-16,0.00662,0.1878768431777135
2013-08-19,0.0860317,0.17652853999895318
2013-08-20,0.1913049,0.17231124012421672
2013-08-21,-0.0658721,0.1771216166014196
2013-08-22,0.3152787,0.17194606367904294
2013-08-23,-0.1573532,0.18762268434533028
2013-08-26,-0.0328538,0.18978772494977073
2013-08-27,0.3535127,0.1807987681289868
2013-08-28,0.058640000000000005,0.19914272976013153
2013-08-29,-0.22849070000000002,0.19101336302521713
2013-08-30,-0.23627990000000001,0.19947701987589808
2013-09-01,0.0285673,0.20796699603442198
2013-09-04,-0.0611212,0.19679582128712358
2013-09-05,-0.204615,0.18970721494583928
2013-09-07,-0.2849177,0.19604868157005437
2013-09-09,-0.0785225,0.2094439432797777
2013-09-10,0.1693951,0.20288927340979768
2013-09-12,-0.0404622,0.20343235235330162
2013-09-13,0.33122070000000003,0.1940533044283956
2013-09-17,-0.4044295,0.2092107679839442
2013-09-18,-0.3209087,0.23313923231627698
2013-09-19,-0.9977979,0.24674163792723205
2013-09-20,-0.0412174,0.33163167509031355
2013-09-23,0.1783271,0.31205209568388986
2013-09-24,0.45618869999999995,0.3044146360887616
2013-09-25,0.41791809999999996,0.3206805181868413
2013-09-26,-0.2624144,0.3321823940028371
2013-09-27,0.0809119,0.33183798717534174
2013-09-30,0.455675,0.3148226378364956
2013-10-01,-0.05715339999999999,0.33009883973678744
2013-10-04,-0.2811254,0.31199723370971333
2013-10-05,0.3429138,0.3150802782265399
2013-10-06,0.4829043,0.3207205071791837
2013-10-07,-0.0544826,0.3378202735107201
2013-10-09,-0.5735737000000001,0.31885091989769865
2013-10-10,-0.0947798,0.34896054018926853
2013-10-12,-0.2707158,0.33249642972085214
2013-10-14,-0.013657099999999998,0.3328712411368865
2013-10-16,-0.1299567,0.3108666090201194
2013-10-17,-0.0685548,0.3006146633589422
2013-10-18,-0.1718619,0.2859134444006032
2013-10-21,0.23356610000000003,0.28140461787525756
2013-10-22,0.1914098,0.2808237478542354
2013-10-23,-0.39743219999999996,0.2768408650042357
2013-10-24,0.0206463,0.2938356884028899
2013-10-25,-0.0895382,0.27525183152836413
2013-10-28,-0.151948,0.26441945073055106
2013-10-29,0.0691332,0.25991949667390557
2013-10-30,0.1792329,0.2478492464900103
2013-10-31,0.0220084,0.2455807359873553
2013-11-01,-0.2509344,0.23096702218157472
2013-11-03,0.048903100000000005,0.23818406231232545
2013-11-04,0.05293919999999999,0.22625111830363262
2013-11-06,0.3811145,0.21557163061491383
2013-11-07,-0.4176928,0.23326078059934116
2013-11-09,0.1192935,0.2562336293102395
2013-11-10,-0.31971069999999996,0.2484390432884303
2013-11-11,0.1020349,0.2605889262739297
2013-11-12,0.1355689,0.25106727659377925
2013-11-13,0.0650202,0.24499529642955925
2013-11-14,-0.1763222,0.23379028004990193
2013-11-15,0.0475418,0.23396035728331385
2013-11-18,-0.040746899999999996,0.22225295601040976
2013-11-19,-0.1156577,0.21144179497059684
2013-11-20,-0.10913640000000001,0.20798947823237512
2013-11-21,0.3333678,0.20423242903105082
2013-11-22,0.1556007,0.21868735688442992
2013-11-25,0.1348532,0.21683689650127685
2013-11-26,-0.0673743,0.2134420826548207
2013-11-27,0.047173,0.20560821184762337
2013-11-28,0.1412122,0.19607696890103046
2013-11-29,-0.10754860000000001,0.194836895784063
2013-12-03,-0.048903100000000005,0.19196691392965365
2013-12-04,-0.0171624,0.18419152427151242
2013-12-06,-0.013800300000000001,0.17428643922638298
2013-12-07,0.12367199999999999,0.16483806681525726
2013-12-08,-0.173825,0.1645760753721704
2013-12-09,-0.2056542,0.17008417554959052
2013-12-11,0.1045071,0.17812493575437802
2013-12-12,0.2631482,0.17528016962118623
2013-12-13,0.0739339,0.18604097167129435
2013-12-16,0.013428999999999998,0.18012969833214865
2013-12-17,0.08048699999999999,0.1698930720387738
2013-12-18,0.2205733,0.16573122657519343
2013-12-19,0.2791191,0.17357674720987404
2013-12-20,0.059578599999999995,0.18588664307607516
2013-12-23,0.1624323,0.17884380742192205
2013-12-24,-0.0633159,0.180709797975267
2013-12-26,0.07913049999999999,0.1750395414558334
2013-12-27,-0.0329535,0.1703799949330869
2013-12-30,0.00659,0.16285999147441108
2013-12-31,-0.1651186,0.1533750960707983
2014-01-04,-0.10642850000000001,0.15896138070113638
2014-01-07,-0.0338315,0.15874920164657408
2014-01-08,0.2281905,0.15216733153092685
2014-01-10,0.1391652,0.1617843307042383
2014-01-12,0.8742979999999999,0.1630387618437331
2014-01-13,-0.1264323,0.23820529371206853
2014-01-15,0.3253157,0.233576424069815
2014-01-16,0.1518629,0.24477878387110028
2014-01-20,0.2497463,0.24053054799713688
2014-01-21,0.0393027,0.24470564668481026
2014-01-22,0.1307526,0.23150717492915887
2014-01-23,0.0717465,0.22661487224949045
2014-01-24,0.00652,0.2173906145480774
2014-01-27,0.1561042,0.20377948138162985
2014-01-28,-0.058473300000000006,0.2031553596488834
2014-01-29,-0.24775909999999998,0.19534827238598945
2014-01-30,0.3257061,0.20526413177679928
2014-02-01,-0.0463459,0.21895332640016185
2014-02-04,0.09313919999999999,0.2088785756133845
2014-02-05,0.0265786,0.20274368524391503
2014-02-06,0.11466969999999999,0.19181810971258495
2014-02-07,-0.0270842,0.1887442314936896
2014-02-09,0.16476570000000001,0.17934094504259387
2014-02-10,-0.3654301,0.18136250894925637
2014-02-12,-0.1772633,0.20401576991389314
2014-02-13,0.00653,0.20668212410077497
2014-02-14,-0.0784515,0.19389622469586157
2014-02-17,-0.3020506,0.1885387770782136
2014-02-18,0.0329335,0.20424721396714407
2014-02-19,0.05658730000000001,0.19370311322006473
2014-02-20,0.0157787,0.18582776167467138
2014-02-21,-0.026300999999999998,0.17534562203178994
2014-02-24,-0.0328986,0.16688427589824276
2014-02-25,-0.3038422,0.15961982554680534
2014-02-26,0.0331295,0.17809716417807273
2014-02-27,-0.00662,0.169553407503444
2014-02-28,0.00662,0.15984766398900122
2014-03-01,0.2022345,0.15058660955479386
2014-03-03,0.0132447,0.15806920659020576
2014-03-04,0.16582470000000002,0.1494545629243896
2014-03-06,0.060585200000000006,0.15390283114899098
2014-03-07,0.006770000000000001,0.149335828791917
2014-03-09,0.23916839999999998,0.14085369836051678
2014-03-10,-0.1068869,0.1523797942449924
2014-03-11,0.3753307,0.15270758212391897
2014-03-12,0.2403967,0.17570979795114508
2014-03-13,-0.0793836,0.184453136218936
2014-03-14,0.03971,0.17990174151497476
2014-03-17,-0.03971,0.17174003953516867
2014-03-18,-0.17116779999999998,0.16469997856463434
2014-03-19,0.1645459,0.1699515514443575
2014-03-20,0.19821779999999997,0.17269158314586144
2014-03-21,0.21043989999999999,0.17805884659269502
2014-03-24,-0.08536830000000001,0.1840357019898911
2014-03-25,-0.0526178,0.1800417625853024
2014-03-26,0.046044100000000004,0.1734929738790602
2014-03-27,-0.1184979,0.1663124460857882
2014-03-28,-0.23134230000000003,0.1666241267350073
2014-03-31,-0.1061683,0.17738908224708444
2014-04-02,-0.1104662,0.17574570738008122
2014-04-03,0.0595513,0.17461202758177868
2014-04-04,0.066153,0.16841925773435182
2014-04-06,0.0739339,0.16321810614145638
2014-04-07,-0.2785473,0.15903017258853616
2014-04-08,-0.065075,0.17504065187828521
2014-04-09,-0.1570193,0.169952882116609
2014-04-11,0.17013219999999998,0.17348366933546716
2014-04-12,0.0693409,0.17641499029020308
2014-04-14,0.1204887,0.17086711526570791
2014-04-15,0.0801405,0.16988215284364735
2014-04-16,-0.140343,0.1656932406243211
2014-04-17,-0.0535835,0.16803217386836292
2014-04-18,0.0,0.16247034043039685
2014-04-21,0.107101,0.15272775772856384
2014-04-22,0.20675960000000002,0.15202040874881814
2014-04-23,0.0731304,0.15977993261026466
2014-04-24,-0.0731304,0.1557840228253868
2014-04-25,0.0930536,0.15284759666273515
2014-04-28,0.0132771,0.1509818785898887
2014-04-29,-0.1129851,0.14288746739925728
2014-04-30,0.0532061,0.14448406138818234
2014-05-02,-0.1564322,0.14001747202183654
2014-05-03,-0.13244730000000002,0.14584236583310609
2014-05-05,-0.1463841,0.14899239870474565
2014-05-06,-0.006719999999999999,0.15318332779720206
2014-05-08,-0.13997020000000002,0.1446902477422275
2014-05-09,0.1502042,0.1486216468628869
2014-05-11,0.11739459999999999,0.15181239850794045
2014-05-12,0.2136291,0.15202201631008605
2014-05-14,-0.1345191,0.1603783112675604
2014-05-15,0.0336689,0.16259856249384297
2014-05-16,0.07397970000000001,0.1552518540024191
2014-05-19,-0.1953099,0.15166111965758777
2014-05-20,-0.056736999999999996,0.16022446579688118
2014-05-21,0.11070340000000001,0.15551953999779014
2014-05-22,-0.1959481,0.15489796067816541
2014-05-23,0.0338473,0.16325899693923776
2014-05-26,-0.0270757,0.15587749787185753
2014-05-27,0.0744176,0.1489257167490963
2014-05-28,0.1255441,0.145838565542707
2014-05-29,-0.00404,0.147175431778847
2014-05-30,-0.0877158,0.13889132204964105
2014-06-01,-0.0699485,0.13850527928548298
2014-06-02,-0.052269499999999997,0.136563894617731
2014-06-03,-0.11954890000000001,0.13320529168286915
2014-06-05,0.00933,0.1361321950230889
2014-06-06,-0.1480169,0.1288001185861243
2014-06-08,0.0856664,0.13470922060634677
2014-06-11,0.1300673,0.13358122421284147
2014-06-13,-0.054084,0.1362212291308695
2014-06-16,0.1755273,0.13304665922441689
2014-06-17,0.080774,0.13960819491744234
2014-06-18,0.07391099999999999,0.13772201872290457
2014-06-19,-0.1910823,0.13541607101499534
2014-06-20,-0.0175355,0.14489579845852485
2014-06-23,-0.0472463,0.13792643820886538
2014-06-24,-0.0202641,0.1340295444607368
2014-06-25,0.1954918,0.12807527288256834
2014-06-26,-0.14822349999999998,0.1367748661767731
2014-06-27,-0.1284196,0.14208481715477891
2014-06-30,0.0338315,0.14515249530582064
2014-07-01,-0.0198172,0.13909664487784057
2014-07-02,0.013073300000000001,0.13274095391126686
2014-07-03,-0.1065427,0.125943219613808
2014-07-04,-0.19876210000000002,0.12822140781696562
2014-07-05,-0.1294669,0.13903481204728196
2014-07-07,0.024529499999999996,0.14243157976168125
2014-07-08,0.1153145,0.1358387984922867
2014-07-10,0.22682100000000002,0.13707474763096314
2014-07-11,0.0324561,0.14781498369288024
2014-07-14,-0.1296708,0.14145701423127244
2014-07-16,0.2385678,0.1446876080905267
2014-07-17,-0.1566254,0.15583984677843588
2014-07-18,0.0613555,0.16044353334349276
2014-07-21,-0.1911691,0.15545388006988503
2014-07-22,0.0383012,0.16331782063492184
2014-07-23,-0.0725273,0.15628326910772558
2014-07-24,-0.00685,0.1532564612657159
2014-07-25,0.1299362,0.14476908759119536
2014-07-30,-0.027322700000000002,0.14655319479783724
2014-07-31,0.1500626,0.14030357933469634
2014-08-01,-0.039661600000000005,0.14412144423752038
2014-08-04,-0.07310799999999999,0.13911479399867535
2014-08-05,0.00668,0.13740902686971876
2014-08-07,-0.1268851,0.12977900843604007
2014-08-08,0.155528,0.1336416640029949
2014-08-09,-0.1912593,0.13843643674168907
2014-08-10,0.20578,0.1476874947939657
2014-08-12,0.49235320000000005,0.15571095407084112
2014-08-13,-0.0680073,0.18983600043083884
2014-08-14,-0.14999200000000001,0.18387896166373843
2014-08-15,-0.0888757,0.18567122571801165
2014-08-18,-0.3297411,0.1818605037522677
2014-08-19,0.052376099999999995,0.20089105817013955
2014-08-20,0.215729,0.19213243979970895
2014-08-21,0.054791900000000004,0.1974195712505531
2014-08-22,-0.12337920000000001,0.1891179333248597
2014-08-25,0.0617334,0.18810208492342365
2014-08-26,-0.0754639,0.18106190469605218
2014-08-27,-0.1375439,0.17642580117671286
2014-08-28,-0.0620372,0.17767429469304274
2014-08-29,0.1239858,0.17212261465320514
2014-09-01,-0.0661833,0.1713284398050756
2014-09-04,-0.45469280000000006,0.16661750656139568
2014-09-05,-0.30848719999999996,0.20009930924728325
2014-09-06,-0.3314983,0.2154130004623051
2014-09-07,-0.072477,0.23159593831326286
2014-09-09,0.2593626,0.2227813724628965
2014-09-10,-0.553164,0.2292475438510811
2014-09-12,-0.12411970000000001,0.2663795815937409
2014-09-15,0.2031316,0.25927298475466876
2014-09-17,0.060754699999999995,0.25802723897370405
2014-09-18,0.3025049,0.24544980611420078
2014-09-19,-0.0402125,0.2536746961761952
2014-09-22,-0.1544936,0.24034377772574483
2014-09-23,0.3111121,0.23802849012142965
2014-09-24,-0.0762307,0.2476242037192168
2014-09-25,0.026762900000000003,0.23786351551630158
2014-09-26,0.1962026,0.22422696978229228
2014-09-29,0.1634912,0.2252750187809015
2014-09-30,-0.0265421,0.22354337133660035
2014-10-01,-0.139314,0.2114204858848668
2014-10-02,0.0979244,0.21007224981455505
2014-10-03,0.3519262,0.20422787770566464
2014-10-04,0.0268788,0.22032915692227148
2014-10-06,0.061077400000000004,0.2080710648237112
2014-10-07,-0.0164267,0.1994468465702823
2014-10-09,0.1019551,0.18832235829172342
2014-10-10,0.2207772,0.18448835603685707
2014-10-11,-0.2603302,0.1908260547267331
2014-10-12,-0.14317760000000002,0.20231714192976924
2014-10-13,0.053353099999999994,0.20203720592384253
2014-10-14,-0.0667017,0.1932676741744833
2014-10-15,0.2794612,0.18693418032287185
2014-10-16,0.0265218,0.19813972922440634
2014-10-17,0.1455811,0.18756162734948867
2014-10-20,-0.1853699,0.1873476924909061
2014-10-21,-0.1715084,0.19209966201074324
2014-10-23,0.20466820000000002,0.19519815881462665
2014-10-24,0.0662438,0.19930226880786842
2014-10-27,-0.1259498,0.19176342219718925
2014-10-28,0.09284049999999999,0.19077077610710763
2014-10-29,-0.13269009999999998,0.18601333119739769
2014-10-30,0.291385,0.18607486545923113
2014-10-31,-0.0858877,0.19839954876853988
2014-11-02,0.1471237,0.19334524048295512
2014-11-03,-0.0728071,0.19280511039630885
2014-11-04,0.0939451,0.18703874727939285
2014-11-06,0.0203401,0.18265688611949443
2014-11-07,0.1980744,0.17276912084814836
2014-11-08,-0.26405080000000003,0.1781179774432366
2014-11-09,-0.0135802,0.19105102808328342
2014-11-11,0.20838879999999999,0.180323413669764
2014-11-12,0.0623091,0.18594275787572992
2014-11-13,-0.0520347,0.17911256691467034
2014-11-14,0.0910198,0.1725834734243266
2014-11-17,0.0194795,0.1690679274292142
2014-11-18,0.0778306,0.16012853514208047
2014-11-19,0.09062640000000001,0.1564852099537709
2014-11-20,0.0968903,0.15415009708653715
2014-11-21,-0.1162943,0.15249997658769238
2014-11-24,-0.1620383,0.15366846376341692
2014-11-25,0.0454317,0.15894491990739235
2014-11-26,0.0,0.1527980954067916
2014-11-27,-0.0129756,0.14376360221472476
2014-11-28,0.2845722,0.13648638264194893
2014-12-02,-0.22544560000000002,0.15250836846509877
2014-12-03,0.0992522,0.1638883665405956
2014-12-05,0.0941196,0.1616985110218115
2014-12-06,0.1421144,0.15925622197183137
2014-12-08,-0.0271731,0.16095069628576
2014-12-09,0.027156100000000002,0.15363390451966555
2014-12-11,-0.025994,0.14643378438771895
2014-12-12,0.0932964,0.14007853869521292
2014-12-15,0.0186352,0.13918077780023502
2014-12-16,-0.06836840000000001,0.13235878479096577
2014-12-17,-0.056017899999999995,0.13072562087483924
2014-12-18,-0.1122531,0.12811835165557348
2014-12-19,-0.00624,0.13075763251683872
2014-12-22,0.12472570000000001,0.12383682496294615
2014-12-23,0.1243685,0.12675686103899744
2014-12-24,0.0,0.12942880882588031
2014-12-26,-0.136825,0.12207192694868962
2014-12-29,0.136825,0.12744812944324901
2014-12-30,0.055849800000000005,0.1311216955652783
2014-12-31,-0.08069509999999999,0.12783443054976296
2015-01-04,-0.3637722,0.12763093180663215
2015-01-06,0.24904990000000002,0.15556163889845392
2015-01-07,-0.5367785,0.16673467350735158
2015-01-09,-0.6018992,0.20926263468853512
2015-01-10,-0.3531268,0.2538300478206962
2015-01-12,-0.24117880000000003,0.26866991033909826
2015-01-13,0.3047265,0.2718174552935576
2015-01-14,0.224129,0.2779786629448666
2015-01-15,-0.27274180000000003,0.27690761213892906
2015-01-16,-0.018243799999999998,0.28223737301336715
2015-01-19,-0.0425988,0.2647569013069649
2015-01-20,0.3879279,0.2507448004115748
2015-01-21,0.28868869999999996,0.2658885026690784
2015-01-22,-0.1320775,0.27120354329950175
2015-01-23,-0.19887239999999998,0.2644009627902865
2015-01-26,0.1447248,0.26408221676107774
2015-01-27,0.036106,0.25769381879691355
2015-01-28,0.16809870000000002,0.2432157361226353
2015-01-29,0.11967340000000001,0.2404142496586976
2015-01-30,-0.1256657,0.23391906483950992
2015-02-01,0.1859936,0.2295659160116296
2015-02-03,0.1883988,0.22933717193776848
2015-02-04,-0.0235741,0.22932533156787424
2015-02-06,0.3251657,0.21649943563844895
2015-02-07,0.3988889,0.22916568548691219
2015-02-09,0.6533986,0.24721225037703162
2015-02-10,0.323809,0.287008959739547
2015-02-11,-0.11619589999999999,0.2934750401821424
2015-02-12,-0.12725989999999998,0.2834637283435116
2015-02-13,-0.4823534,0.2752371356684688
2015-02-16,-0.1518408,0.3006001379724218
2015-02-17,0.2850229,0.29311029238481795
2015-02-18,0.0181296,0.29580204430069146
2015-02-23,0.5642606,0.2768640439608664
2015-02-24,-0.1673123,0.30532040264867066
2015-02-25,-0.0299451,0.29879645413339667
2015-02-26,-0.3186945,0.280961368981201
2015-02-27,0.1602409,0.2901798154070283
2015-03-03,0.00599,0.2829026064597253
2015-03-04,-0.2364478,0.264072328228027
2015-03-06,-0.2483674,0.2671765699210024
2015-03-07,0.1206773,0.27110488348000605
2015-03-08,0.2778315,0.2622183107105951
2015-03-09,0.097681,0.2669315171683076
2015-03-11,-0.0962229,0.2565530583283226
2015-03-12,0.2612999,0.24780899940472811
2015-03-13,0.005869999999999999,0.2523463695650633
2015-03-16,0.1290449,0.23594898565309258
2015-03-17,-0.0938128,0.230564471459175
2015-03-18,0.005869999999999999,0.22368421203812672
2015-03-19,-0.2353905,0.20953514423514336
2015-03-20,0.4986888,0.21710336764578197
2015-03-23,-0.4008468,0.24537873700198418
2015-03-24,-0.1627987,0.2655737867643771
2015-03-25,-0.2013917,0.26193973281477556
2015-03-26,0.25454530000000003,0.26205146963696235
2015-03-27,-0.1359665,0.26482975100469236
2015-03-30,0.4828161,0.25888802791256665
2015-03-31,0.0935854,0.2816996783077346
2015-04-02,-0.7922322,0.2698011637976386
2015-04-03,0.0119706,0.32784382210340535
2015-04-06,0.2647966,0.305807155801943
2015-04-08,0.2872962,0.3057417723257969
2015-04-09,0.3274235,0.3075438462671083
2015-04-11,-0.2083682,0.31253868845096916
2015-04-12,-0.3642011,0.3090397233264722
2015-04-13,0.6270228,0.3200181979220781
2015-04-14,0.0762795,0.3499482302849379
2015-04-15,0.21637280000000003,0.3310609494334957
2015-04-16,-0.7650372,0.32489680515161373
2015-04-17,-0.2441034,0.3736962674558003
2015-04-20,-0.1615035,0.3681364841703992
2015-04-21,0.2390508,0.3558082940842521
2015-04-22,-0.2930191,0.34937288675444905
2015-04-23,0.0179969,0.3502936002017122
2015-04-24,-0.2526374,0.32685887324170165
2015-04-27,-0.4243559,0.32609436098232175
2015-04-28,-0.085371,0.34116912406473276
2015-04-29,0.0183079,0.324551843901834
2015-04-30,0.1401049,0.30327484954284134
2015-05-01,0.36716079999999995,0.29330296602011297
2015-05-02,0.1827072,0.3028975854717022
2015-05-03,0.333845,0.29637676399769003
2015-05-05,0.42966849999999995,0.30287915710490465
2015-05-06,0.1054682,0.316986029871946
2015-05-08,0.11214840000000001,0.3031318880571153
2015-05-10,-0.40760680000000005,0.29094918182934754
2015-05-11,0.3602019,0.30763314782395523
2015-05-13,-0.2462981,0.3153810209440993
2015-05-14,-0.3872792,0.31502949578983425
2015-05-15,-0.0730009,0.32762646764470127
2015-05-18,0.0669222,0.3110793698902242
2015-05-19,0.157771,0.2946847882355718
2015-05-20,0.28977220000000004,0.2868371016150274
2015-05-21,-0.036116,0.2904599301950315
2015-05-22,-0.22338129999999998,0.27382497759878094
2015-05-25,0.217359,0.2749267546116546
2015-05-26,0.1503063,0.2735536778531752
2015-05-27,0.2453817,0.2668425070455514
2015-05-28,0.13704850000000002,0.268457090920865
2015-05-29,0.017844099999999998,0.26109589023919244
2015-06-01,0.186088,0.24492889948933186
2015-06-02,-0.24989299999999998,0.24345966304397262
2015-06-03,-0.10702769999999999,0.2495284834915526
2015-06-04,-0.4887802,0.24228927477238102
2015-06-05,-0.4600877,0.2714831447163816
2015-06-07,0.2631749,0.2950215916361327
2015-06-08,0.1453613,0.2957376063784612
2015-06-10,-0.3169324,0.28680809531968476
2015-06-11,0.0303031,0.29535385807671133
2015-06-15,0.28945350000000003,0.27739411013808835
2015-06-16,-0.1271219,0.28179488760556565
2015-06-17,-0.0196794,0.273692985016788
2015-06-18,-0.3172549,0.25702141116664773
2015-06-19,-0.0583572,0.26819148402468834
2015-06-22,0.1632031,0.2552487596905503
2015-06-23,0.24944519999999998,0.2510723397127922
2015-06-24,-0.0173567,0.2543432473472014
2015-06-25,0.0693854,0.2390205138237924
2015-06-26,0.051966399999999996,0.228632653312222
2015-06-29,0.2302123,0.21769033866715837
2015-06-30,0.028690900000000002,0.22211326126212924
2015-07-01,0.20718450000000002,0.20985783450530493
2015-07-04,0.1496021,0.21298673726963865
2015-07-05,0.3213642,0.21109922411915788
2015-07-07,-0.011409299999999999,0.2239008522058337
2015-07-08,0.36128879999999997,0.21046751661220345
2015-07-09,0.4462143,0.22684707696105538
2015-07-10,-0.36935969999999996,0.2493595338875322
2015-07-12,-0.09282,0.26615029094417764
2015-07-13,0.1373445,0.2563380356632701
2015-07-14,0.06850969999999999,0.24998342942588014
2015-07-15,-0.0205416,0.23865704462826418
2015-07-16,0.031949399999999996,0.2248427685334166
2015-07-20,-0.0057,0.21262908829091343
2015-07-21,0.0,0.1995859857696734
2015-07-22,-0.16572869999999998,0.18706174870065698
2015-07-23,0.16572869999999998,0.19003459094122901
2015-07-24,0.0,0.19129334023030173
2015-07-27,0.0854742,0.17939883763748865
2015-07-28,-0.00569,0.17491853629309945
2015-07-29,0.0,0.1647349376468678
2015-07-30,0.0,0.15482549330300938
2015-07-31,0.0398357,0.1456432065213629
2015-08-01,-0.048660499999999995,0.14002728307570844
2015-08-04,0.10739530000000001,0.13610161905552542
2015-08-05,0.1567852,0.13666022788670273
2015-08-06,0.6159484,0.1413299456175232
2015-08-07,0.011409299999999999,0.19041857392936026
2015-08-09,0.3817115,0.1792498845902225
2015-08-10,-1.0810342,0.20031801013236059
2015-08-12,0.5947225,0.3049558729819833
2015-08-13,-0.1732848,0.33344044397107137
2015-08-14,0.7957091,0.325081791228993
2015-08-17,0.4293944,0.3700264948709352
2015-08-18,0.0685215,0.3780830934788629
2015-08-19,-0.1371513,0.3562248760625038
2015-08-20,0.0422465,0.3427964712927717
2015-08-21,0.7483059000000001,0.32185904208671984
2015-08-24,0.4593021,0.3627137692530853
2015-08-25,0.09742719999999999,0.37396260861966485
2015-08-26,0.0409567,0.354707742587098
2015-08-27,0.056252500000000004,0.3326768747728246
2015-08-28,-0.35922,0.3136673878783108
2015-09-01,-0.1585241,0.3237723537803262
2015-09-02,0.09159110000000001,0.3149346438894245
2015-09-03,0.4795612,0.30015680832036706
2015-09-04,-0.1731568,0.3188520970716992
2015-09-06,0.0,0.31170979241099284
2015-09-07,-0.028528800000000003,0.29030145762926873
2015-09-09,-0.1151643,0.2730371308084158
2015-09-10,-0.9875480000000001,0.26460730976314584
2015-09-11,0.6066433999999999,0.3454713762409989
2015-09-12,0.0101828,0.37111536668030853
2015-09-14,-0.0301733,0.3453367513401887
2015-09-15,-0.105772,0.3236866860572061
2015-09-17,-0.48173740000000004,0.3102770664320183
2015-09-18,-0.0918818,0.3322698655038665
2015-09-21,-0.0408988,0.31695223594884114
2015-09-22,0.4781459,0.29855746950465245
2015-09-23,0.542938,0.3172757097416176
2015-09-25,0.44237529999999997,0.3399580339404628
2015-09-28,0.11359280000000001,0.351819468256199
2015-09-29,0.6850985,0.3357006896286242
2015-09-30,-0.26297349999999997,0.36933704132114537
2015-10-02,0.2614958,0.36583081318549165
2015-10-03,0.09997980000000001,0.3603551155981353
2015-10-04,0.1791154,0.34244875334132047
2015-10-06,-0.06929310000000001,0.3323216002130807
2015-10-07,-0.18302970000000002,0.31506860648956914
2015-10-08,0.0387294,0.3091131466515144
2015-10-09,0.1451571,0.29068410647185217
2015-10-12,-0.07132949999999999,0.2821545390197081
2015-10-13,0.22315469999999998,0.26919536061983146
2015-10-15,-0.8098357,0.268775505134719
2015-10-16,0.6022872,0.3288749267250603
2015-10-19,0.3316032,0.35572544364995135
2015-10-20,0.3905183,0.3568774168655908
2015-10-21,0.5085474000000001,0.3628379375249091
2015-10-22,-0.005059999999999999,0.3782885464306127
2015-10-23,-0.7075615000000001,0.3517703353056002
2015-10-26,0.352163,0.39187196844484085
2015-10-27,0.0305769,0.3915461044124226
2015-10-28,0.1576388,0.36561121350931536
2015-10-29,0.0963353,0.35181050401690095
2015-10-30,0.16681300000000002,0.33433641771484485
2015-11-02,0.1875482,0.32390841770155226
2015-11-03,0.20511890000000002,0.31602010663955943
2015-11-05,-0.0722921,0.3102136237851323
2015-11-06,-0.2550249,0.2950442291287981
2015-11-08,0.2976141,0.2972133871666379
2015-11-09,-0.26062759999999996,0.30060419523988613
2015-11-11,0.0398116,0.30280640014333965
2015-11-12,0.20348850000000002,0.28497713956262866
2015-11-13,0.09435249999999999,0.2816335341296599
2015-11-16,0.1485615,0.26980102714308524
2015-11-17,-0.0989845,0.26325583912853767
2015-11-18,0.1335759,0.25421164799290696
2015-11-19,-0.5167866999999999,0.24772566515718653
2015-11-20,-0.6192445000000001,0.2792079576273219
2015-11-23,0.14679820000000002,0.31789928608114937
2015-11-24,-0.3246318,0.3072481334190022
2015-11-25,-0.7290609,0.314721010853235
2015-11-26,0.1808379,0.36091400561219217
2015-11-27,0.2570406,0.3493598730859595
2015-11-30,0.2555282,0.34493909419179963
2015-12-01,-0.055008800000000004,0.3407742106053037
2015-12-02,0.2948052,0.3216037358719195
2015-12-03,-0.2109937,0.3226677940049458
2015-12-05,0.28245919999999997,0.3185452294924667
2015-12-06,0.034864400000000004,0.318850866095423
2015-12-08,0.7028189,0.2993228342150715
2015-12-10,0.4497791,0.3382879530345127
2015-12-11,0.024863700000000002,0.3509330642135763
2015-12-14,0.4041388,0.32797415739470087
2015-12-15,0.0954328,0.3376515577984044
2015-12-16,-0.1910758,0.3212908595461783
2015-12-17,0.23620770000000002,0.3155217044146758
2015-12-18,-0.14056470000000001,0.31228589284100133
2015-12-21,-0.1158052,0.3028394706990146
2015-12-22,-0.0857941,0.29202326492112407
2015-12-23,0.1009166,0.27950315676552023
2015-12-28,-0.0453835,0.26836323577113386
2015-12-29,-0.11619589999999999,0.2542991642926617
2015-12-30,-0.0253012,0.24747729719993722
2015-12-31,0.0202421,0.23337085090215498
2016-01-03,-0.2632565,0.21957989554634352
2016-01-04,-0.23316389999999998,0.22890716086191257
2016-01-06,0.1578489,0.23465431108770207
2016-01-07,-0.3196743,0.23170831174462464
2016-01-08,-0.2255801,0.2453187356613857
2016-01-09,0.2886043,0.24900262030566678
2016-01-11,-0.1604188,0.2557436036793973
2016-01-12,0.0194446,0.25270294237259666
2016-01-13,-0.09378410000000001,0.23732697949596665
2016-01-14,-0.0148266,0.22990775746769923
2016-01-15,-0.1535049,0.21629529377264017
2016-01-18,0.306469,0.21582839706614074
2016-01-19,-0.19252640000000001,0.22692485971450174
2016-01-20,-0.09410500000000001,0.2291190664599264
2016-01-21,-0.0347217,0.2223786857368023
2016-01-22,-0.3887891,0.211043082147967
2016-01-26,-0.4580305,0.23323819852027405
2016-01-27,-0.3046624,0.26022759049834504
2016-01-28,-0.27090780000000003,0.2699414599812225
2016-01-29,-0.906702,0.27569778951251644
2016-02-02,0.5927962,0.3456853544563332
2016-02-03,-0.332635,0.3700835325665568
2016-02-06,0.29312499999999997,0.37276696016318434
2016-02-08,0.2095061,0.3692686739962732
2016-02-09,0.0851454,0.3592976342481736
2016-02-11,0.077696,0.34031886787798077
2016-02-12,-0.1948386,0.3223463302271737
2016-02-15,-0.19857080000000002,0.316820438916329
2016-02-16,0.0157097,0.31209095158515016
2016-02-17,0.6134499,0.2916373827192528
2016-02-18,-0.40973930000000003,0.323129230324175
2016-02-19,0.6003213000000001,0.33710011065218876
2016-02-22,-0.1596199,0.36298534423011153
2016-02-23,-0.243129,0.35093192530560435
2016-02-24,0.5669048,0.34725061331476714
2016-02-25,-0.297991,0.36922104987210036
2016-02-26,0.092699,0.3688562704930487
2016-02-29,-0.0154361,0.3496629953906842
2016-03-02,0.33953540000000004,0.32641333808043804
2016-03-03,-0.19871429999999998,0.3307829277448347
2016-03-05,0.1997525,0.32488583190253767
2016-03-06,-0.130615,0.31789927284830016
2016-03-08,0.06961139999999999,0.30712004161717965
2016-03-11,-0.0932519,0.2912608890212983
2016-03-14,-0.1377536,0.2794455312667615
2016-03-15,0.2697983,0.27246620877352623
2016-03-16,0.1894417,0.27564066301862095
2016-03-17,-0.5548645,0.27192606437309863
2016-03-18,-0.27208509999999997,0.30482532187105904
2016-03-21,0.1442574,0.3077046764589217
2016-03-22,-0.2943655,0.2976975972719994
2016-03-23,-0.6656192,0.3032214687577931
2016-03-24,0.48803739999999995,0.34413434955416344
2016-03-25,0.21515750000000003,0.3595346224184579
2016-03-28,-0.10206690000000002,0.35085045267367176
2016-03-29,-0.3781195,0.33485239230146496
2016-03-30,-0.4745839,0.34482439025216016
2016-03-31,-0.4077912,0.36291883167395955
2016-04-01,0.317575,0.37311624760514006
2016-04-02,-0.9218617,0.3715914764586126
2016-04-03,-0.147005,0.43146130369130525
2016-04-04,-0.2344225,0.4124348521768037
2016-04-05,0.5938035,0.4026539913901224
2016-04-07,0.0217473,0.4217512325005096
2016-04-08,-0.1178693,0.39256198410073706
2016-04-10,-0.2152967,0.37438472245781673
2016-04-11,0.0984267,0.36622345419888996
2016-04-13,-0.3023333,0.3477007578610608
2016-04-14,0.4304685,0.34960792912382105
2016-04-15,0.0222458,0.3595880661999738
2016-04-18,0.3157713,0.3357041605368059
2016-04-19,-0.4271147,0.3372874924430735
2016-04-20,-0.2403592,0.35160355140460314
2016-04-21,0.07840259999999999,0.3476181853375831
2016-04-22,0.2510541,0.32909157318020016
2016-04-25,0.1111154,0.3259160651010821
2016-04-26,0.2600077,0.3117670057786384
2016-04-27,-0.0607135,0.31080044298378173
2016-04-28,-0.1604708,0.2945945408157
2016-04-29,-0.1388144,0.2883608445779476
2016-05-01,0.1904364,0.2807418230357308
2016-05-02,-0.09432070000000001,0.27668654657764485
2016-05-04,0.4509733,0.2661510347955865
2016-05-05,0.2884603,0.2854508547853637
2016-05-07,0.0597491,0.28908224010820216
2016-05-08,-0.1020543,0.27392423739526167
2016-05-09,-0.1064578,0.264282741534421
2016-05-10,0.1733713,0.2558050736919888
2016-05-12,0.014643300000000001,0.252409970684304
2016-05-13,0.0107846,0.23668542974242818
2016-05-16,0.0861803,0.2219018224197758
2016-05-17,-0.2319983,0.21419332917651734
2016-05-18,0.2266171,0.22105828811395423
2016-05-19,0.48166240000000005,0.2249022648774322
2016-05-20,-0.00532,0.25083844769409547
2016-05-23,-0.12259930000000001,0.23477866319628599
2016-05-24,0.5358126000000001,0.23008642967692736
2016-05-25,-0.13201249999999998,0.26053448677208585
2016-05-26,-0.2492752,0.2545946350861026
2016-05-27,0.0319021,0.25966811072792706
2016-05-30,0.25437699999999996,0.2447055868222734
2016-05-31,0.1055522,0.24892118197486748
2016-06-01,0.2691917,0.2406159016676171
2016-06-04,-0.0720637,0.24642173089806
2016-06-05,0.0704628,0.23639719205096152
2016-06-06,-0.468204,0.22630162158497444
2016-06-09,0.053261499999999996,0.2549961097249607
2016-06-10,-0.0839724,0.2420728472320827
2016-06-12,-0.053716099999999996,0.233423836924097
2016-06-13,0.25531159999999997,0.2228491467483986
2016-06-14,-0.0212187,0.22896595134794673
2016-06-15,0.0901081,0.2159683213455541
2016-06-16,-0.0529821,0.209037752981179
2016-06-17,0.0264991,0.20030258091263675
2016-06-20,-0.2284228,0.1895575505499992
2016-06-21,-0.22963060000000002,0.19813567797350337
2016-06-23,-0.3818353,0.2061148080588267
2016-06-24,1.0143786,0.22808006522447277
2016-06-27,-0.0633698,0.30763835947971585
2016-06-28,-0.18535859999999998,0.2919186253101984
2016-06-29,-0.3624027,0.2881063694352707
2016-06-30,-0.37624759999999996,0.3007761882372867
2016-07-01,0.4400585,0.3136157933067408
2016-07-03,-0.3378919,0.32765241022166014
2016-07-04,-0.09997829999999999,0.33455433427391
2016-07-06,-0.3025345,0.3197412335206484
2016-07-09,-0.1973948,0.3241013076088409
2016-07-10,0.20962730000000002,0.31865305859598764
2016-07-11,0.1343286,0.3129903185860255
2016-07-12,-0.0782513,0.3017537980398034
2016-07-13,-0.16310529999999998,0.2877894267697055
2016-07-14,-0.2951421,0.282351685795545
2016-07-15,-0.0109698,0.289271720154815
2016-07-18,0.21887130000000002,0.270610227357736
2016-07-19,0.0872406,0.2697201875133986
2016-07-20,0.3634285,0.25829022583163425
2016-07-21,0.3282583,0.27063609215986645
2016-07-22,0.2192466,0.2788922231381116
2016-07-25,0.1118698,0.27734403666424196
2016-07-26,-0.0585626,0.2672489693342058
2016-07-27,0.0053300000000000005,0.2543995663503885
2016-07-28,-0.2403702,0.23779783353408335
2016-07-29,-0.00536,0.243465431749903
2016-08-01,-0.4301204,0.22799103128203652
2016-08-03,0.0794296,0.25269561560568665
2016-08-04,0.3323698,0.24201471195461957
2016-08-06,-0.1547337,0.2530967760381698
2016-08-07,0.4535754,0.24976728292352632
2016-08-08,0.053742700000000004,0.27080824281404814
2016-08-09,-0.0213938,0.25665732804564456
2016-08-11,-0.0361246,0.2414920116198114
2016-08-12,-0.0685857,0.2287779175028567
2016-08-15,0.1189552,0.21984893986666396
2016-08-16,-0.2816938,0.2149291331582808
2016-08-17,0.048885599999999994,0.22638982746360947
2016-08-18,-0.0597566,0.2153810291115779
2016-08-19,0.1790236,0.20673780680837844
2016-08-22,0.24832320000000002,0.2077712327136263
2016-08-23,-0.0484734,0.2145463032774779
2016-08-24,0.06999970000000001,0.20499657157208048
2016-08-25,-0.037678199999999995,0.19731713810857118
2016-08-26,-0.129431,0.1881680603628898
2016-08-29,0.1778683,0.18776837661660326
2016-08-30,0.1342654,0.19021823794063586
2016-09-03,0.3267765,0.18886696417392188
2016-09-05,-0.0975943,0.2040844501798591
2016-09-06,-0.2896022,0.19961597118842397
2016-09-08,-0.1129365,0.21315176772863323
2016-09-09,0.037432299999999995,0.20932430393913068
2016-09-11,0.1443183,0.1987420045599401
2016-09-12,-0.0441481,0.19754733838013733
2016-09-13,0.4413978,0.18893609705312278
2016-09-14,0.2795274,0.21462741761536214
2016-09-15,-0.0210338,0.22349967777962337
2016-09-19,0.0315468,0.2109124004673503
2016-09-20,0.131199,0.1997471366544641
2016-09-21,0.0680671,0.19740063744663522
2016-09-22,-0.3730579,0.19015274538265034
2016-09-23,0.058007899999999994,0.2127416239059349
2016-09-26,0.1315487,0.20351331031933317
2016-09-27,-0.1526335,0.20090003479451463
2016-09-28,0.23137190000000002,0.20158346874027208
2016-09-29,-0.2788502,0.20742669871908032
2016-09-30,0.3312632,0.21926168872703988
2016-10-02,0.2249829,0.2322209470820249
2016-10-03,-0.1683518,0.2350105293230418
2016-10-05,0.6304777,0.23436565037745613
2016-10-06,0.3750407,0.2733466454398028
2016-10-08,-0.3894559,0.2853705774842409
2016-10-10,-0.06278199999999999,0.30083634876726156
2016-10-11,0.3229732,0.28562386007536067
2016-10-13,0.25878670000000004,0.2921389132784525
2016-10-14,0.0464183,0.29273603877307175
2016-10-17,0.0721077,0.2762409611836473
2016-10-18,-0.09273200000000001,0.26309202265183673
2016-10-19,-0.21196489999999998,0.25351886466319845
2016-10-20,-0.1193616,0.25528332349534616
2016-10-21,0.1452665,0.24865911320515746
2016-10-24,-0.10682739999999999,0.2435637209105918
2016-10-25,-0.0748318,0.23678502424548167
2016-10-26,-0.1510953,0.2277641751031403
2016-10-27,0.22904230000000003,0.22616116839899203
2016-10-28,0.15030200000000002,0.2297891024512568
2016-10-31,0.0723738,0.2266190266641358
2016-11-01,0.2773472,0.217444105029124
2016-11-02,-0.5514424,0.225891914461558
2016-11-03,-0.1531346,0.26320262218506335
2016-11-04,-0.6034666,0.2589070324343723
2016-11-05,-0.0481747,0.2981130971514308
2016-11-07,-0.6167215,0.2818789090222837
2016-11-08,0.2492216,0.3200337975410955
2016-11-10,0.0784633,0.31747940429305516
2016-11-11,0.2647835,0.3014610401373519
2016-11-14,0.5297878,0.3017638056618707
2016-11-15,0.0551294,0.3247410482999102
2016-11-16,0.13002840000000002,0.3063009879949031
2016-11-17,0.39766280000000004,0.29527614706365396
2016-11-18,0.2319401,0.3073060051119446
2016-11-21,0.191525,0.3044155666231713
2016-11-22,-0.0539344,0.29848085506431377
2016-11-23,0.1811501,0.2827066391865579
2016-11-24,0.1852629,0.2777349030672499
2016-11-25,0.0145924,0.2735075479954631
2016-11-28,-0.038924,0.2560966071591141
2016-11-29,0.0194664,0.2424632526840088
2016-11-30,0.0291832,0.2278981276625106
2016-12-01,0.054271400000000004,0.21523046136503365
2016-12-02,0.5931714,0.20551441697485373
2016-12-04,0.1262761,0.24403063278584491
2016-12-05,-0.3009601,0.2377765778819379
2016-12-07,0.17400079999999998,0.249086838398435
2016-12-08,-0.0973512,0.24629026612504554
2016-12-10,0.2916836,0.23846704254903797
2016-12-13,0.0,0.24636332369050504
2016-12-14,0.1763237,0.2302098190993522
2016-12-15,0.21453909999999998,0.22913332536697936
2016-12-16,0.10687340000000001,0.23130527636963846
2016-12-19,0.038797899999999996,0.22450834139868744
2016-12-20,0.0,0.21285583155504997
2016-12-21,0.0,0.19931488228736663
2016-12-22,-0.0485029,0.186811302599458
2016-12-23,0.0485029,0.179393778376944
2016-12-27,-0.0097,0.17196441109584445
2016-12-28,0.0290822,0.16234074667995016
2016-12-29,0.029062800000000003,0.15465211803103224
2016-12-30,0.0145241,0.14752749251032948
2017-01-03,0.0244191,0.13978136635151792
2017-01-06,0.131835,0.1333708462874752
2017-01-08,-0.0152268,0.13617554411932375
2017-01-11,0.030786499999999998,0.129635994437107
2017-01-13,0.009729999999999999,0.12445399684747507
2017-01-16,0.024318000000000003,0.11798055546373538
2017-01-17,0.009720000000000001,0.11310804311892803
2017-01-18,-0.2095338,0.10742438192060817
2017-01-19,0.0585763,0.12106924838275396
2017-01-20,-0.0439248,0.11872049731874681
2017-01-23,-0.0684159,0.11590646058820038
2017-01-24,-0.0489346,0.11546321627942487
2017-01-25,0.03426,0.1133197884526006
2017-01-26,-0.029364099999999997,0.10956194515863651
2017-01-27,-0.0587878,0.10611519287196125
2017-01-31,0.0,0.1055035532618604
2017-02-02,0.08325919999999999,0.09980807457734592
2017-02-03,0.0244054,0.10098983244903291
2017-02-05,-0.2002514,0.09729504947154587
2017-02-06,-0.0760098,0.11088378737464145
2017-02-08,0.0963465,0.11148255932132854
2017-02-10,0.0308083,0.11292443113392464
2017-02-11,-0.0615948,0.10891901779409881
2017-02-13,0.029297999999999998,0.10836123217545021
2017-02-14,0.00976,0.1045512878007436
2017-02-15,0.00488,0.0994575126103387
2017-02-16,0.0682623,0.09432617210590151
2017-02-17,0.00974,0.094643704637802
2017-02-20,-0.00487,0.09021659071651444
2017-02-21,0.0194816,0.08596326807107373
2017-02-22,-0.0243534,0.08288228168565259
2017-02-23,-0.0682623,0.08079990131053205
2017-02-24,-0.0390553,0.08280180565058295
2017-02-27,-0.029314500000000004,0.08202350850029788
2017-02-28,0.019545200000000002,0.08043366262291315
2017-03-01,0.0628817,0.07771949440646032
2017-03-02,-0.1224953,0.07872126086046659
2017-03-03,0.053643699999999996,0.08603217804214942
2017-03-04,-0.00491,0.08570954981545698
2017-03-05,-0.1306603,0.08175643758775018
2017-03-07,0.0404371,0.08963617998621758
2017-03-08,-0.0151984,0.08799372031083924
2017-03-10,0.09741570000000001,0.08477695106323431
2017-03-11,0.0513351,0.08821843658190741
2017-03-13,-0.10730550000000001,0.08755899226804723
2017-03-14,0.0146482,0.09273874152798998
2017-03-15,0.029281599999999998,0.08882572335737424
2017-03-16,-0.1270296,0.08633819772293083
2017-03-17,0.039125599999999996,0.09350853393923009
2017-03-20,-0.092981,0.09149940100161964
2017-03-21,-0.0343064,0.09504236272216895
2017-03-22,0.019607,0.09302228826456048
2017-03-23,0.0,0.08948312381519202
2017-03-24,-0.0098,0.08486210509106301
2017-03-27,-0.1522205,0.08138494377165872
2017-03-28,0.0295037,0.09144561095982001
2017-03-29,0.044218,0.08880110914694067
2017-03-30,0.00491,0.0875215883553429
2017-03-31,0.0392627,0.08318710157235636
2017-04-01,0.067617,0.08187926551354695
2017-04-04,0.0539344,0.08299599264598467
2017-04-05,0.0854762,0.08290132523059865
2017-04-07,0.0,0.08545423276414559
2017-04-08,-0.08622490000000001,0.08109788310431354
2017-04-10,-0.1384983,0.08475006742487602
2017-04-12,-0.053163699999999994,0.09316874743865838
2017-04-13,-0.0882713,0.0929512821417829
2017-04-14,-0.20666669999999998,0.09595186787075244
2017-04-17,0.014794600000000001,0.11032056324330576
2017-04-18,0.0443535,0.10522763064564057
2017-04-19,-0.0147795,0.10284009904411179
2017-04-20,-0.0591682,0.09859104727635473
2017-04-21,-0.0592489,0.09853846077228533
2017-04-25,-0.1484769,0.0984967769328483
2017-04-26,-0.2485951,0.10681138235097688
2017-04-27,-0.0898437,0.1245373921508917
2017-04-28,0.014986900000000001,0.12539934655780438
2017-05-01,-0.11597949999999999,0.11927130266447285
2017-05-04,-0.0196048,0.12291552009273525
2017-05-05,0.1354115,0.11769242854983888
2017-05-06,-0.1422419,0.12198062130376443
2017-05-07,-0.0101057,0.12787326529783574
2017-05-09,-0.0203488,0.1214862481006542
2017-05-10,0.0359494,0.11642766895520609
2017-05-12,-0.3149977,0.11258780633915469
2017-05-15,-0.1150185,0.1368349618371847
2017-05-16,-0.2309548,0.13907317174369244
2017-05-17,0.0402544,0.1521261301742548
2017-05-18,0.10047299999999999,0.14607033999077249
2017-05-19,0.0150509,0.14531690423334404
2017-05-22,-0.2212714,0.137771992614584
2017-05-23,-0.0908461,0.14998556602690125
2017-05-24,0.0403995,0.1490543377959405
2017-05-25,-0.237887,0.14323463781925824
2017-05-26,-0.0101518,0.1566127804082981
2017-05-29,-0.0914732,0.14816074664611117
2017-05-30,0.1472789,0.14742198099194379
2017-05-31,-0.0710378,0.15045846866728707
2017-06-01,-0.1454112,0.1477330892506824
2017-06-02,-0.0294504,0.15193182167529032
2017-06-03,-0.0341292,0.14547328474076798
2017-06-04,0.068578,0.13988921467143858
2017-06-06,-0.106988,0.1369933186586643
2017-06-07,0.0151577,0.13848790629785307
2017-06-09,-0.2142401,0.13144299725038402
2017-06-10,0.0666843,0.14350136861651105
2017-06-11,0.076889,0.14018869421999292
2017-06-12,0.1551149,0.13794412090257438
2017-06-13,-0.0662073,0.14237255462701087
2017-06-14,0.010192300000000001,0.13981686411301097
2017-06-15,-0.07650069999999999,0.1322883638254169
2017-06-16,0.24940510000000002,0.1313843638656033
2017-06-19,-0.0914518,0.14463396268410614
2017-06-20,0.1320354,0.1441563946111841
2017-06-21,0.0557405,0.14616243152651714
2017-06-22,-0.020261,0.14177609082645426
2017-06-23,0.030388000000000002,0.13526555705981333
2017-06-28,0.0859839,0.12965019738056646
2017-06-29,-0.015161299999999999,0.1289175837506412
2017-06-30,-0.0202233,0.12288916423393867
2017-07-02,0.1323696,0.11772117563846651
2017-07-03,0.0,0.12174733465096182
2017-07-04,0.00979,0.11493057285459209
2017-07-06,0.1476761,0.10912634194223175
2017-07-07,0.0,0.11512075655122553
2017-07-08,0.035525100000000004,0.10876498479112567
2017-07-09,-0.3079024,0.10542409530654737
2017-07-11,-0.1384983,0.12967759649081476
2017-07-12,0.16520210000000002,0.1346273975513199
2017-07-13,-0.0708309,0.1401750472954973
2017-07-14,0.0708309,0.13818950289382964
2017-07-17,-0.035400999999999995,0.1355998059837287
2017-07-18,-0.045558,0.13083964913433455
2017-07-19,-0.025330699999999998,0.12730597867686214
2017-07-20,0.045584599999999996,0.12226644908152096
2017-07-21,0.0101234,0.11878641947331794
2017-07-24,-0.07091349999999999,0.11274040630783064
2017-07-25,-0.0152108,0.11274723893935855
2017-07-26,0.0354836,0.10785554716729256
2017-07-27,-0.0913023,0.10457416018567543
2017-07-28,0.0355293,0.10702024243585273
2017-07-31,-0.0101483,0.10380013426655661
2017-08-02,0.0391433,0.09908750388973044
2017-08-03,-0.029275,0.09670132816538583
2017-08-05,-0.030055000000000002,0.0941274347079664
2017-08-06,-0.0865078,0.09179581968587246
2017-08-08,0.030427,0.09471517074233148
2017-08-09,-0.3308532,0.09192520214056273
2017-08-11,0.0205462,0.12043230999964163
2017-08-12,0.0584694,0.11509044227232523
2017-08-14,-0.0404607,0.11315642070069674
2017-08-15,0.0252923,0.1104294516784681
2017-08-16,0.045489100000000005,0.10615850990325931
2017-08-17,-0.055604299999999995,0.10379825149085334
2017-08-18,0.0303384,0.10306424085555772
2017-08-21,-0.07588579999999999,0.09970075734289177
2017-08-22,-0.050664299999999995,0.10108327617760776
2017-08-23,-0.00507,0.10009748071409555
2017-08-24,-0.0456538,0.09520079275112432
2017-08-25,-0.020306,0.09417365360544838
2017-08-28,-0.111853,0.09098823794746654
2017-08-29,0.030533900000000003,0.09634767915250783
2017-08-30,0.0101732,0.09345617449632358
2017-09-01,0.058222899999999994,0.08914238935717447
2017-09-03,0.1023763,0.08898611964996347
2017-09-05,0.070096,0.09255343859311059
2017-09-06,0.040730999999999996,0.09314549684615236
2017-09-08,0.0456005,0.09129060716465814
2017-09-10,-0.0461552,0.08995584638426314
2017-09-11,-0.0102719,0.08933025489742105
2017-09-13,-0.0154948,0.08559958133829701
2017-09-14,-0.0413466,0.0825663825005006
2017-09-15,-0.0776312,0.08200806244706843
2017-09-18,-0.0673928,0.08479326335163825
2017-09-19,0.0518499,0.08644052873748931
2017-09-20,0.0310802,0.08594308963211908
2017-09-21,0.0776034,0.08379138270337293
2017-09-25,-0.0827819,0.08561591931713138
2017-09-26,0.1137845,0.08862700377645637
2017-09-27,0.14953460000000002,0.09320479504449246
2017-09-28,0.1336292,0.1005828059647631
2017-09-29,-0.041072899999999996,0.10600093297635368
2017-10-01,-0.038806600000000004,0.10382574575527605
2017-10-02,0.0537644,0.10160136280961742
2017-10-03,-0.0194816,0.10022660422752626
2017-10-04,0.0195694,0.09656130419192047
2017-10-07,0.0101022,0.0927819292287344
2017-10-08,0.065783,0.0885074648228143
2017-10-10,-0.08731610000000001,0.08901958034213617
2017-10-11,-0.3506969,0.09221161430091941
2017-10-13,0.00515,0.12303781689635367
2017-10-16,0.00515,0.11630599094810701
2017-10-17,0.0463028,0.11004352318482881
2017-10-19,0.030841100000000003,0.10747928926360115
2017-10-20,-0.020558299999999998,0.10385304297937537
2017-10-23,0.0975655,0.10003414639455786
2017-10-24,0.00513,0.10240131082378699
2017-10-25,-0.00513,0.09709067616535855
2017-10-26,-0.00513,0.09240148442749588
2017-10-27,0.0871203,0.08802551458078885
2017-10-30,-0.0307284,0.09036003273496646
2017-10-31,-0.08204879999999999,0.08834079967479125
2017-11-01,0.00485,0.09109157059382823
2017-11-04,-0.0489401,0.08651680652198879
2017-11-05,0.1099227,0.08637319146830397
2017-11-07,-0.0303137,0.09077962412924276
2017-11-08,0.0101116,0.08869583356040031
2017-11-09,0.1554013,0.08469292555745184
2017-11-10,-0.0823405,0.09326333177846456
2017-11-12,-0.06378869999999999,0.09569303650259697
2017-11-13,-0.056997400000000004,0.09625821189482012
2017-11-14,0.0155522,0.09617220869386774
2017-11-15,-0.07262450000000001,0.09210098991511956
2017-11-16,-0.0415543,0.0937200135663518
2017-11-17,-0.17183310000000002,0.09242974990306181
2017-11-20,-0.0417591,0.10355011816310648
2017-11-21,-0.15695520000000002,0.1016048182710276
2017-11-22,-0.1943625,0.1105007431115948
2017-11-23,-0.13710129999999998,0.12235836780189498
2017-11-24,0.0844213,0.12773856829417388
2017-11-27,-0.026364,0.12701679266896618
2017-11-28,0.00527,0.12208700981205725
2017-11-29,-0.1108905,0.11543112868705645
2017-11-30,-0.2120065,0.11889011802174626
2017-12-01,-0.12148110000000001,0.13179274628037527
2017-12-04,-0.0195915,0.13500402321738392
2017-12-05,-0.034945199999999996,0.1289223562063249
2017-12-07,-0.0101093,0.12460062988055152
2017-12-09,0.056841499999999996,0.11844466355312562
2017-12-10,0.020599799999999998,0.11614172194164495
2017-12-12,-0.021283700000000003,0.11110355573534772
2017-12-13,-0.0479266,0.10684915064724676
2017-12-14,0.0372808,0.10522016211028028
2017-12-15,0.10634049999999999,0.10226434205317164
2017-12-18,-0.0212473,0.105214030320106
2017-12-19,-0.1383613,0.10136172695559795
2017-12-20,0.0,0.10847345870138915
2017-12-21,0.031968699999999996,0.10257522343703789
2017-12-22,0.1435686,0.09937539156376728
2017-12-26,-0.12226920000000001,0.10575323062124942
2017-12-27,0.0478855,0.11099781040724363
2017-12-28,-0.0691848,0.108494685603322
2017-12-29,-0.1600792,0.10864791981853128
2018-01-03,0.055281899999999995,0.11728734248094279
2018-01-06,0.07638350000000001,0.11494007607190984
2018-01-08,0.0534451,0.11447954111983821
2018-01-10,0.0104877,0.1121815884541777
2018-01-11,0.020762299999999997,0.10662205504300548
2018-01-15,-0.14242770000000002,0.10225406589757224
2018-01-16,-0.027443600000000002,0.10968838118939277
2018-01-17,-0.0439458,0.10606580836462877
2018-01-18,0.1042988,0.10413938578867442
2018-01-19,-0.2639762,0.10678033781619502
2018-01-22,0.0551275,0.12613202352765543
2018-01-23,-0.160063,0.12314409751555759
2018-01-24,-0.10518960000000001,0.13063555855762557
2018-01-25,-0.216717,0.1324411376491316
2018-01-26,-0.2570128,0.1446584604981151
2018-01-29,-0.06168560000000001,0.15980256731608866
2018-01-30,0.2796857,0.15556144148216663
2018-02-01,-0.31655429999999996,0.16946619566693358
2018-02-02,-0.06696049999999999,0.1883160101921665
2018-02-03,-0.1605117,0.1823840374986998
2018-02-04,0.022484800000000003,0.18525217236197752
2018-02-05,0.0774933,0.17533638780272945
2018-02-07,0.0161278,0.17052293977348623
2018-02-08,0.0747128,0.16121375874713617
2018-02-10,-0.0367179,0.1572382350914415
2018-02-11,-0.1247227,0.15101669212571617
2018-02-13,0.0165645,0.15306397975439845
2018-02-14,-0.0773553,0.14507478695293494
2018-02-15,-0.3553894,0.14330714156799837
2018-02-19,-0.0725452,0.16866364974553438
2018-02-20,0.0725452,0.16471076863294587
2018-02-21,0.1558408,0.16029958939219593
2018-02-22,0.11097349999999999,0.16306190592254372
2018-02-23,-0.1443209,0.1618918807776333
2018-02-26,0.0833206,0.1648900796764953
2018-02-27,-0.0277558,0.16133311932460243
2018-02-28,0.1662691,0.15403810629939194
2018-03-01,-0.07545450000000001,0.15816690203252778
2018-03-04,0.0393205,0.15525768201125686
2018-03-05,0.1237024,0.1488982453596908
2018-03-07,0.09664120000000001,0.1498506133956248
2018-03-08,0.10651000000000001,0.14850142864175953
2018-03-09,0.1741085,0.14806254550916462
2018-03-10,0.010494,0.15332541359103538
2018-03-12,-0.1038237,0.1448431574116611
2018-03-13,-0.005560000000000001,0.14546263954817862
2018-03-14,-0.1279874,0.1374313983271207
2018-03-15,0.20016169999999997,0.14081414254168698
2018-03-16,0.1052701,0.148900763941234
2018-03-19,-0.11081769999999999,0.14833001538525742
2018-03-20,0.0166407,0.1493189252910899
2018-03-21,0.09971050000000001,0.14160836618913994
2018-03-22,-0.1663116,0.141124040986644
2018-03-23,0.038863,0.14778947703131376
2018-03-26,-0.1055664,0.14194021438404555
2018-03-27,-0.31264420000000004,0.14293512687405427
2018-03-28,-0.1965518,0.16386490608563523
2018-03-29,0.11242419999999999,0.1715552325076158
2018-03-30,-0.0674196,0.1698573895662213
2018-04-01,-0.0593778,0.1653653599802142
2018-04-04,-0.0280824,0.1605075651021866
2018-04-05,-0.0353076,0.15330151660884003
2018-04-06,-0.0490882,0.14724760873566128
2018-04-07,-0.0268232,0.14283289244826378
2018-04-09,0.12093690000000001,0.1368099568685214
2018-04-10,0.0838609,0.13844212823667806
2018-04-12,-0.2136178,0.13689306909314722
2018-04-13,0.0335968,0.1484330227407397
2018-04-16,0.0782916,0.14212017122613507
2018-04-17,0.0279271,0.13984782280366548
2018-04-18,0.0279092,0.13370900117480117
2018-04-19,-0.0334931,0.1280090531358145
2018-04-20,0.039072800000000005,0.12362625653881304
2018-04-23,0.0724707,0.11952922979716764
2018-04-24,0.1001448,0.11842031296139739
2018-04-25,0.011113,0.11967634533097551
2018-04-26,0.13313419999999998,0.11364579063489702
2018-04-27,-0.0110789,0.11804274679619269
2018-04-30,0.0,0.11242885491647256
2018-05-01,-0.2763628,0.10625897497349437
2018-05-02,0.1004021,0.12698600212032912
2018-05-03,-0.1889448,0.12763747717753077
2018-05-04,0.022467400000000002,0.13754488160135514
2018-05-06,-0.060072200000000006,0.13114137558062125
2018-05-07,-0.0107339,0.1288617515968905
2018-05-09,0.0839318,0.12245848409451278
2018-05-10,-0.0157116,0.12207896935289927
2018-05-11,-0.031236700000000003,0.11657999709306968
2018-05-12,-0.0104473,0.11280778347542493
2018-05-14,0.0549392,0.10750305475763562
2018-05-15,-0.0329552,0.1058144665613915
2018-05-16,0.1371486,0.10293982859123191
2018-05-17,0.0383241,0.10848698944066777
2018-05-18,0.0983928,0.10538944686392934
2018-05-21,-0.0109215,0.10744195400179864
2018-05-22,0.00546,0.10254703743327778
2018-05-23,-0.0109229,0.09725235170500987
2018-05-24,0.1254478,0.09304921657425383
2018-05-25,-0.027240499999999997,0.09831654783531603
2018-05-28,-0.0272575,0.0954553706965958
2018-05-30,0.1415528,0.09278930702565513
2018-05-31,-0.20157970000000003,0.099490680671498
2018-06-02,0.1779214,0.11302182039407671
2018-06-03,0.0612192,0.12137006251591638
2018-06-04,0.0505092,0.11921394339628123
2018-06-06,-0.0163978,0.11634544584877128
2018-06-07,0.0107339,0.11130615294801317
2018-06-08,-0.053222399999999996,0.10582626841826571
2018-06-09,0.0314327,0.10473855343040353
2018-06-12,0.0939354,0.10134782534659925
2018-06-13,0.0652666,0.10331506522861315
2018-06-14,-0.0435001,0.10276157341416574
2018-06-18,0.0760967,0.10102440217141935
2018-06-19,-0.00543,0.10152460468833066
2018-06-20,0.1030741,0.09656224038003423
2018-06-21,0.0487393,0.09964567402179475
2018-06-22,0.0162343,0.09799708604661608
2018-06-25,0.0,0.09385705870310546
2018-06-26,0.0702786,0.08894607690879712
2018-06-27,0.08094960000000001,0.08980193525033524
2018-06-28,0.1184538,0.09149163822858196
2018-06-29,0.0,0.09626532009301486
2018-07-02,-0.0666351,0.09119356476928987
2018-07-03,-0.0166876,0.09232926335784997
2018-07-05,0.0771981,0.08895345285668664
2018-07-06,0.027326100000000002,0.09038712979552625
2018-07-08,0.0744931,0.08763895491963805
2018-07-09,-0.0314327,0.0889368463843697
2018-07-11,0.020827000000000002,0.08707481378362233
2018-07-12,-0.0365063,0.08402763871692603
2018-07-13,-0.00537,0.08294124981670684
2018-07-16,0.0912779,0.07920842476986772
2018-07-17,-0.0375618,0.08251536807163701
2018-07-18,0.1340003,0.0816231999308243
2018-07-19,0.0,0.08850183288888427
2018-07-20,0.0855437,0.08394549599966175
2018-07-23,-0.0801923,0.08643139894715357
2018-07-24,0.10155190000000001,0.08914453592456657
2018-07-25,-0.0427298,0.09262979877775798
2018-07-26,-0.0909406,0.09151786970634605
2018-07-27,0.08025149999999999,0.09486917796454104
2018-07-30,0.026717599999999998,0.09614660346342317
2018-07-31,-0.0481035,0.09296369091511689
2018-08-01,-0.0761729,0.09230750245296965
2018-08-02,0.19959949999999999,0.09423717419143933
2018-08-03,0.0278091,0.10608573032675844
2018-08-05,0.0935565,0.10231374672363068
2018-08-06,0.0927805,0.10418015088440091
2018-08-08,-0.0904725,0.10584805531036884
2018-08-10,0.0680425,0.1081258923302043
2018-08-11,-0.0468747,0.10746315700079832
2018-08-13,0.1381751,0.10569835316326412
2018-08-14,0.0424271,0.11112692925638627
2018-08-15,0.06885580000000001,0.10817545478812386
2018-08-16,-0.0264701,0.10757595258249748
2018-08-17,0.0370536,0.10401456482163673
2018-08-20,-0.010583500000000001,0.10112337293178245
2018-08-21,-0.0953679,0.09662982314877731
2018-08-23,0.1165323,0.10002565100504869
2018-08-24,0.0475823,0.104008169092757
2018-08-27,-0.10580940000000001,0.10196561103868394
2018-08-28,-0.026492699999999998,0.10594625541596375
2018-08-29,0.0635553,0.10249895561835272
2018-08-30,0.0476055,0.10186193334186194
2018-09-01,0.1522125,0.09996916095432871
2018-09-02,0.14358680000000001,0.10706300892657188
2018-09-03,0.09996549999999998,0.11285852015553656
2018-09-04,-0.0954555,0.1145036159403663
2018-09-07,-0.15590210000000002,0.11660981761237886
2018-09-08,-0.0426406,0.12421760785771786
2018-09-10,0.0574913,0.12090163013947548
2018-09-11,0.1196906,0.11847702433468504
2018-09-13,-0.0733252,0.12136998940705745
2018-09-14,-0.0104851,0.12097437975574477
2018-09-18,0.047163199999999995,0.1151049623586568
2018-09-19,-0.0209551,0.11225634628965378
2018-09-20,-0.068174,0.10789377124053347
2018-09-21,-0.0682812,0.10799860120934068
2018-09-24,0.0367801,0.10810565599621796
2018-09-25,0.0,0.10491077219285505
2018-09-26,0.0734669,0.099255635959619
2018-09-27,-0.0419659,0.09966169727172071
2018-09-28,0.0314782,0.0980022215270506
2018-10-01,0.0759067,0.09507436172323162
2018-10-04,0.016860299999999998,0.09597482732426181
2018-10-07,-0.25386359999999997,0.09202028983548975
2018-10-08,0.0799168,0.1117832090619802
2018-10-10,-0.0470327,0.11183870713857434
2018-10-12,0.088605,0.10978220640522528
2018-10-15,0.0208946,0.11070067169938151
2018-10-16,-0.0261198,0.10606274415577853
2018-10-17,-0.0156794,0.10257501557106133
2018-10-18,0.0209047,0.09842158213218834
2018-10-19,0.0417792,0.09462273642213816
2018-10-22,-0.0208846,0.09275270552128144
2018-10-23,0.046976199999999996,0.08971279737821433
2018-10-24,0.0,0.08859647494802977
2018-10-25,0.0729732,0.08403390576961008
2018-10-26,0.083248,0.08545231242139902
2018-10-29,0.0155913,0.08763863410521909
2018-10-30,0.0103911,0.08413840595612611
2018-10-31,0.0259668,0.08045678837996535
2018-11-01,-0.2063419,0.07825481658455057
2018-11-04,0.067376,0.0942565720612944
2018-11-06,0.049039000000000006,0.09450555726612447
2018-11-07,0.23231580000000002,0.09323258802859775
2018-11-10,0.0626989,0.10825653631384341
2018-11-12,0.1040102,0.10714729826616269
2018-11-13,0.1088393,0.10954612509285191
2018-11-14,-0.025889400000000003,0.11217833149715556
2018-11-15,-0.0362711,0.10824833737451967
2018-11-16,0.0310914,0.10549576405337331
2018-11-19,-0.0103613,0.10202584631302677
2018-11-21,0.0879925,0.09745204415457678
2018-11-22,-0.0724514,0.09919657849899488
2018-11-23,0.0362408,0.10030207268441109
2018-11-26,-0.0362408,0.09759968787353802
2018-11-27,0.0103576,0.09557613825722219
2018-11-28,0.015531799999999998,0.09113525678293892
2018-11-29,-0.0517942,0.0873988240070708
2018-11-30,-0.020735,0.08745191077083882
2018-12-01,-0.2073269,0.08475191019062674
2018-12-02,-0.07173410000000001,0.1002267341365978
2018-12-03,-0.0666181,0.10119454199861755
2018-12-04,0.0672717,0.10163122541075004
2018-12-06,0.0217773,0.10135994818111499
2018-12-07,0.1130065,0.09743133163617328
2018-12-09,0.0628426,0.10130083198013108
2018-12-10,-0.0313381,0.10068865576257739
2018-12-11,0.0623166,0.09802414897577423
2018-12-12,0.0207722,0.09759579369159394
2018-12-13,0.0,0.09384215606775113
2018-12-14,-0.0103849,0.08893216672009603
2018-12-17,0.057086,0.08523755644976765
2018-12-18,-0.0986502,0.08525204577510669
2018-12-19,0.0259823,0.08977849223091426
2018-12-20,0.0415394,0.08696339799135815
2018-12-21,-0.0467346,0.08558928938050854
2018-12-24,0.031162,0.08531045984533675
2018-12-26,-0.031162,0.08320720006086278
2018-12-27,-0.031184399999999998,0.08170223163218528
2018-12-28,-0.21369470000000002,0.0802985674835385
2018-12-31,-0.1832579,0.09689286484370255
2019-01-03,0.0266651,0.10878839587486971
2019-01-04,-0.0532419,0.10473962010173882
2019-01-07,-0.0892153,0.10372941137938559
2019-01-08,0.1785062,0.10604450075626644
2019-01-10,0.0518313,0.11500003541678619
2019-01-11,-0.0572159,0.11253509239013053
2019-01-14,0.0159014,0.11133171653881821
2019-01-15,0.0,0.1062562637789389
2019-01-16,0.1586949,0.10050949714351891
2019-01-17,-0.036977,0.10813567874156324
2019-01-18,0.0739225,0.10545277417825374
2019-01-22,0.1264323,0.10546185942474906
2019-01-23,0.0578253,0.10989389164434295
2019-01-24,0.026258800000000002,0.10827281574578385
2019-01-25,0.0,0.10422726688034874
2019-01-28,-0.27387079999999997,0.09861859430155702
2019-01-29,0.036968,0.11987084105292257
2019-01-30,-0.047535999999999995,0.11587076597270024
2019-01-31,-0.21190309999999998,0.11357530023011826
2019-02-01,0.00525,0.12692463694991404
2019-02-04,0.07983849999999999,0.11992745721620889
2019-02-05,0.0105004,0.11939379891251956
2019-02-07,0.0892153,0.11333496537272969
2019-02-08,0.09943479999999999,0.11404934588196086
2019-02-10,-0.0207251,0.1155637078696492
2019-02-12,0.08633160000000001,0.11095163312973731
2019-02-13,-0.1280162,0.11159749265139582
2019-02-14,-0.0213728,0.11694301361691238
2019-02-15,0.186656,0.11229072308902982
2019-02-18,-0.0212916,0.1214741572112152
2019-02-19,0.10104199999999999,0.11649767843370652
2019-02-20,-0.19698340000000003,0.1179685436168766
2019-02-21,0.0,0.12945953954729997
2019-02-22,0.1385141,0.12210048494049495
2019-02-25,-0.1278434,0.12632164517950728
2019-02-26,0.016001,0.13053545819854007
2019-02-27,-0.0693804,0.12412387562038234
2019-02-28,0.0533794,0.12317701507139951
2019-03-01,0.0367091,0.12025882984136753
2019-03-04,-0.031917799999999996,0.1162108185434212
2019-03-05,0.0524637,0.11252370395490784
2019-03-06,-0.1710741,0.11028365930319253
2019-03-07,-0.015730599999999997,0.11986252470732094
2019-03-09,0.030848399999999998,0.11452048449564357
2019-03-10,-0.0103663,0.11040728240513878
2019-03-12,-0.0675945,0.10526115648165807
2019-03-13,0.0903507,0.10549983744858521
2019-03-14,-0.0053100000000000005,0.10687004796777398
2019-03-15,0.0106184,0.10153389976875288
2019-03-18,-0.0850204,0.09671239789122592
2019-03-19,-0.0851871,0.09914409579270672
2019-03-20,0.0266389,0.10141766295552022
2019-03-21,-0.1761197,0.097871502887295
2019-03-22,0.0,0.10896720123927009
2019-03-25,0.12282549999999999,0.10303515649882859
2019-03-26,-0.048020799999999995,0.10733679952397417
2019-03-27,0.10664080000000001,0.10568218444877478
2019-03-28,-0.0053300000000000005,0.10840955303785788
2019-03-29,0.0425883,0.10296977933320799
2019-04-01,-0.031463,0.10059544470997295
2019-04-02,0.037157800000000005,0.0979482330439399
2019-04-03,-0.0106641,0.09547979732361368
2019-04-04,-0.0106445,0.0913733854293278
2019-04-06,-0.0363753,0.08753932315893859
2019-04-07,-0.0839927,0.0862070420729576
2019-04-09,-0.12867989999999999,0.08928909241018593
2019-04-10,-0.0518685,0.09639372598877935
2019-04-11,-0.20346589999999998,0.09583885919796434
2019-04-12,0.0883716,0.10988733937136227
2019-04-15,-0.0738507,0.11077886091853274
2019-04-16,0.026389700000000002,0.11119015269950326
2019-04-17,0.2944737,0.10695372482158226
2019-04-18,0.015719200000000003,0.12667859037392312
2019-04-19,-0.1311673,0.12051783205578344
2019-04-22,0.042016599999999994,0.12548234672506778
2019-04-23,-0.1051179,0.12148882211788826
2019-04-24,0.0631013,0.12396687016974722
2019-04-25,0.0315163,0.12177801791310869
2019-04-26,-0.026261999999999997,0.11720986937061863
2019-04-29,-0.00525,0.11296174335921537
2019-04-30,0.0315163,0.10720207374154803
2019-05-03,0.0532942,0.10364876615230541
2019-05-04,0.0266063,0.10209422002437195
2019-05-07,0.0315163,0.09849940272801723
2019-05-08,0.2241996,0.09554088152970332
2019-05-09,-0.2015051,0.10958241609836057
2019-05-11,-0.010459900000000001,0.12223155703616612
2019-05-12,-0.0883716,0.11627192922397714
2019-05-13,0.073096,0.11760307858329837
2019-05-14,0.0833879,0.11668290815166255
2019-05-15,0.0312292,0.11667449379374158
2019-05-16,-0.0260228,0.11244136819102415
2019-05-17,0.0260228,0.1085046932559593
2019-05-21,0.1143154,0.10442443823528891
2019-05-23,0.088129,0.1078954201181726
2019-05-24,-0.00518,0.10890917189702219
2019-05-27,-0.0621976,0.10342234870367212
2019-05-28,0.0621976,0.1033048674020395
2019-05-29,0.0310654,0.10250050373822056
2019-05-30,0.0103502,0.09923358833818699
2019-05-31,0.00517,0.09454641968546237
2019-06-03,0.13295010000000002,0.0897670462672851
2019-06-05,0.0733429,0.0959372020226083
2019-06-08,0.1557357,0.09656433983133231
2019-06-09,-0.16603869999999998,0.1042343182367405
2019-06-11,-0.16245120000000002,0.11380899815066602
2019-06-12,-0.10941379999999999,0.12226781166610758
2019-06-13,-0.015647400000000002,0.12508262096521527
2019-06-14,0.0625559,0.11936688557279711
2019-06-17,0.07286820000000001,0.11746172089051828
2019-06-18,0.062361299999999995,0.11653298764896047
2019-06-19,-0.051961499999999994,0.11481308605815063
2019-06-20,-0.2084701,0.11298291193232134
2019-06-21,-0.0679688,0.12603876805873004
2019-06-24,-0.0575953,0.12482793615802339
2019-06-25,-0.010480100000000001,0.12278378983340192
2019-06-26,0.0942298,0.11678715824733156
2019-06-27,-0.0366206,0.11766922173138193
2019-06-28,-0.073334,0.11428983125050815
2019-07-01,-0.3053234,0.11440365770624505
2019-07-02,-0.1488221,0.13740657932464712
2019-07-03,-0.026557499999999998,0.14272339596532993
2019-07-05,-0.01047,0.1366855030517199
2019-07-06,-0.1927769,0.12970306305019144
2019-07-08,0.0569635,0.13981283573361195
2019-07-10,0.0933187,0.1359871326648438
2019-07-11,0.1048768,0.13539279255988892
2019-07-15,-0.058127899999999996,0.1357953955613951
2019-07-16,0.0211464,0.1330072594926933
2019-07-17,0.07393150000000001,0.12682419715188462
2019-07-18,-0.031669499999999996,0.12531062065585685
2019-07-19,-0.0316926,0.12096114875499483
2019-07-22,0.0528082,0.11692095815621058
2019-07-23,0.0422004,0.11439966514807028
2019-07-24,0.0263544,0.1112017109556929
2019-07-25,-0.0263544,0.10696168191269306
2019-07-26,0.015814599999999998,0.1034325325519107
2019-07-29,0.0,0.09889135607342187
2019-07-31,0.07898659999999999,0.09364341089810803
2019-08-01,0.0264057,0.0949007093566246
2019-08-02,-0.06393739999999999,0.09177677814425604
2019-08-03,0.058405,0.09262694837330408
2019-08-04,0.12748379999999998,0.09224813915009471
2019-08-05,-0.0104725,0.09775274181600478
2019-08-07,0.0839318,0.09347721706659161
2019-08-08,-0.139953,0.09516062222277087
2019-08-10,-0.0207202,0.10290672431167806
2019-08-11,-0.13113560000000002,0.09916642860685908
2019-08-13,0.0570042,0.10575274426575997
2019-08-14,-0.0673767,0.10435397819040883
2019-08-15,0.0725552,0.1046369842658554
2019-08-16,-0.10887830000000001,0.10459064310533855
2019-08-19,-0.1560154,0.10866471583089135
2019-08-20,0.1404391,0.11690911499080994
2019-08-21,-0.0831683,0.12168725299930143
2019-08-22,0.072781,0.12215376837012672
2019-08-23,0.0985795,0.12088226275013292
2019-08-26,0.1551977,0.12182860410821379
2019-08-27,0.0258125,0.12750299745086266
2019-08-28,0.0309547,0.12207886747215826
2019-08-29,0.1493042,0.11744495043724319
2019-08-30,-0.030848399999999998,0.12294600166411696
2019-09-01,0.010557799999999999,0.1186925282777342
2019-09-04,0.0318126,0.11268708466767101
2019-09-05,0.0575675,0.10877812007083826
2019-09-07,-0.0104826,0.10721415470062681
2019-09-08,0.051887,0.10229718606797181
2019-09-10,0.0704082,0.10072171610983871
2019-09-12,0.010432199999999999,0.10077242044558378
2019-09-13,-0.0885518,0.09598780555925633
2019-09-17,0.1561463,0.09879733323467652
2019-09-18,0.057113300000000006,0.10633032364974958
2019-09-19,0.13469720000000002,0.10490022437392765
2019-09-20,-0.1918105,0.11008734941942255
2019-09-23,-0.1770083,0.12172588152591798
2019-09-24,0.1562212,0.13095766338627712
2019-09-25,0.07790040000000001,0.13601827659343266
2019-09-26,0.0881185,0.1341608485722982
2019-09-27,0.010355099999999999,0.1332738249763473
2019-09-30,-0.0777238,0.1262255581349015
2019-10-01,-0.19573569999999998,0.1258726708459854
2019-10-04,0.0053,0.13658505461449746
2019-10-05,0.0365942,0.12890639874856227
2019-10-06,0.052186300000000005,0.12423728681432371
2019-10-07,-0.0209728,0.12114762414561633
2019-10-09,-0.062428500000000005,0.11616658980783583
2019-10-10,-0.0496881,0.11516991072003666
2019-10-12,-0.026085300000000002,0.11311366035047259
2019-10-14,-0.0623017,0.10913571949059206
2019-10-15,0.0986031,0.10862588570827643
2019-10-16,0.0466287,0.11046287314995944
2019-10-17,-0.0518128,0.10789570491133364
2019-10-18,-0.00518,0.10653818946192117
2019-10-21,-0.0311211,0.10121360759451462
2019-10-22,-0.00519,0.09849425937022542
2019-10-23,0.0984854,0.09371587932116676
2019-10-24,-0.10367499999999999,0.09661269365378841
2019-10-25,0.0414997,0.10078576800872868
2019-10-29,-0.0674572,0.09847346511127139
2019-10-30,0.0311471,0.09917666143872264
2019-10-31,-0.0727114,0.09614263274884488
2019-11-01,0.0053,0.09748647850671413
2019-11-02,0.0,0.09252054685802284
2019-11-03,-0.0530922,0.08769844957165508
2019-11-04,0.2114646,0.08784800080895738
2019-11-06,0.0104297,0.10136958205125375
2019-11-07,-0.1892125,0.09654437336380983
2019-11-09,0.09880379999999998,0.10907260559787722
2019-11-10,-0.0777516,0.11089419350452538
2019-11-11,0.0839724,0.11164975406049578
2019-11-12,0.0208695,0.11205011459533756
2019-11-13,0.0942184,0.10731701463597869
2019-11-14,0.0574775,0.10888068091707082
2019-11-15,-0.0940937,0.10730222539824222
2019-11-18,0.0470723,0.10980763609940557
2019-11-19,0.0731224,0.10732186075483677
2019-11-20,-0.020879500000000002,0.10713327466344202
2019-11-21,0.1511497,0.10311751368937355
2019-11-22,-0.057270800000000004,0.10987548466379998
2019-11-25,0.0884775,0.10886442591918427
2019-11-26,0.0415742,0.10983794472084468
2019-11-27,0.0207722,0.10690755975186171
2019-11-28,-0.0883505,0.10252078811339534
2019-11-29,-0.029143099999999998,0.10484331714249856
2019-12-02,0.0479618,0.10170258513791301
2019-12-03,-0.0637965,0.09984963595151937
2019-12-04,0.026360799999999997,0.10012591742301842
2019-12-06,-0.00521,0.0966453977172944
2019-12-07,-0.1107558,0.09199291988424756
2019-12-09,-0.0779843,0.09717367753167518
2019-12-11,0.0262081,0.09892648455657514
2019-12-12,-0.0887648,0.09551512768709508
2019-12-13,-0.1361098,0.09837819381931014
2019-12-16,-0.0157325,0.10550314093773043
2019-12-17,0.0157325,0.10115460492154588
2019-12-18,0.0209677,0.09676161200628944
2019-12-19,-0.0314554,0.09307968938502441
2019-12-20,0.0,0.09094158621390279
2019-12-23,0.0419355,0.08622417874455868
2019-12-24,-0.0209627,0.08493161270521134
2019-12-26,-0.0734492,0.0824179261958884
2019-12-27,-0.0420268,0.08478689231995692
2019-12-30,-0.1896255,0.08414101789281454
2019-12-31,-0.22228140000000002,0.09780696652600523
2020-01-04,0.2516198,0.11362810536783867
2020-01-06,-0.2554239,0.1286317257069148
2020-01-07,0.015217900000000001,0.14504234169634497
2020-01-09,-0.28180710000000003,0.13753034189697708
2020-01-10,-0.1097958,0.155808981127125
2020-01-12,0.0959532,0.15613897670194815
2020-01-13,-0.1972252,0.15426342374792967
2020-01-14,-0.032067,0.16279709611828014
2020-01-15,0.1867248,0.1557642814354197
2020-01-16,-0.11193850000000001,0.16149907777206243
2020-01-17,-0.0640946,0.16158886020351448
2020-01-20,-0.053484500000000004,0.1574254770175483
2020-01-21,0.12291610000000001,0.1526446035515568
2020-01-22,0.0480031,0.1532481040506313
2020-01-23,-0.0853755,0.14772517483959285
2020-01-24,-0.0106838,0.14647443095828258
2020-01-28,0.2025432,0.13880585026511133
2020-01-29,-0.0532093,0.14726205353646377
2020-01-30,0.1063535,0.1432060850344777
2020-01-31,0.0,0.14315003206919963
2020-02-01,-0.0637185,0.13481409484151635
2020-02-03,-0.25251250000000003,0.13259048478370916
2020-02-04,0.5831551,0.14835216879704594
2020-02-06,-0.3176119,0.19283316149473956
2020-02-07,0.0456218,0.2096785919311235
2020-02-09,0.0209374,0.1997115997356273
2020-02-10,0.1306779,0.18857787400513656
2020-02-11,-0.0208996,0.18706055729455812
2020-02-12,-0.0692782,0.1772571150490624
2020-02-13,0.0524954,0.17236879215288417
2020-02-14,0.0209804,0.16578365234653003
2020-02-17,-0.0314744,0.1572050862953287
2020-02-18,0.12052829999999999,0.15053395276517453
2020-02-19,0.10453599999999999,0.15109939885077114
2020-02-20,0.26024440000000004,0.15030365365554954
2020-02-21,0.0725898,0.16291571817534098
2020-02-24,0.3097323,0.15864235214737318
2020-02-25,0.035992,0.1749950250963138
2020-02-26,0.1487926,0.16690887461480064
2020-02-27,-0.17449810000000002,0.16856910312175719
2020-02-28,0.0359834,0.17382153014210416
2020-03-01,0.1379387,0.16582251013106805
2020-03-02,0.28586039999999996,0.16666430976262442
2020-03-03,0.0361632,0.18016454931383818
2020-03-04,-0.2582138,0.17170391109410665
2020-03-06,-0.29956710000000003,0.1846233674700593
2020-03-07,0.0101317,0.2004354926000522
2020-03-08,-0.09222870000000001,0.18840647177262537
2020-03-09,-0.0733252,0.18468075608157275
2020-03-11,0.0365678,0.17958159914266777
2020-03-12,0.0106654,0.17119662681907333
2020-03-13,0.42677849999999995,0.1614118213276079
2020-03-16,0.0606274,0.1884648783212636
2020-03-17,0.2918454,0.18130925549470103
2020-03-18,0.279933,0.19408263547499918
2020-03-19,0.4806549,0.20472429767091585
2020-03-20,-0.019715999999999997,0.23253946392642164
2020-03-23,0.39751509999999995,0.219135100452909
2020-03-24,-0.09781410000000001,0.23796873311634048
2020-03-25,-0.4033572,0.23084965873870134
2020-03-26,-0.3124613,0.2526351690734689
2020-03-27,-1.0020107,0.2637373806885079
2020-03-30,0.9522063000000001,0.34643655291027
2020-03-31,-0.5516517000000001,0.4039016539361813
2020-04-02,0.0158261,0.4237515591864909
2020-04-03,-0.2278136,0.39393634155265866
2020-04-05,0.1253087,0.3851851584456786
2020-04-06,0.12718759999999998,0.36716529124346386
2020-04-08,-0.1644473,0.350823455894065
2020-04-09,0.0523878,0.34022259584265385
2020-04-11,0.052186300000000005,0.32028603622882085
2020-04-12,-0.0907394,0.30198458239878445
2020-04-13,0.1459307,0.2890738990717872
2020-04-14,0.00502,0.28073876925827745
2020-04-15,0.0702661,0.262008144523049
2020-04-16,0.4390882,0.24985975426066917
2020-04-17,-0.0894531,0.2695991652522755
2020-04-20,0.2282371,0.25921703387094236
2020-04-21,0.0415489,0.2600458865464567
2020-04-22,0.0276772,0.24580453787893228
2020-04-23,-0.29746310000000004,0.23161350787558135
2020-04-24,0.0,0.24312727940639142
2020-04-27,-0.1095823,0.22722873609655792
2020-04-28,0.16427,0.22199291526437853
2020-04-29,-0.10446349999999999,0.2205882504691243
2020-04-30,-0.3399974,0.21542847658319586
2020-05-02,0.0421748,0.23243289953274746
2020-05-03,-0.1820726,0.2204250211262909
2020-05-05,-0.2862332,0.22220077797281101
2020-05-06,-0.0762679,0.23346598216880274
2020-05-08,-0.1754102,0.22483181760587112
2020-05-10,-0.010439799999999999,0.2256475664580373
2020-05-11,-0.1148928,0.21199647219552684
2020-05-13,-0.08003590000000001,0.2084328345010693
2020-05-14,-0.020032,0.20208868428345564
2020-05-15,0.1050652,0.1910685201952433
2020-05-18,0.09484050000000001,0.1872742943305493
2020-05-19,-0.0548824,0.1829465266261125
2020-05-20,0.0648536,0.17637404940115184
2020-05-21,-0.0349091,0.17047100189958617
2020-05-22,0.0946881,0.16311233182954776
2020-05-27,-0.0398435,0.16060979895512756
2020-05-28,0.0199263,0.1544093033109316
2020-05-29,-0.1147015,0.14658499215275972
2020-06-01,0.08995439999999999,0.1480579881837216
2020-06-02,0.00527,0.1462961856228517
2020-06-03,0.22876810000000003,0.13791746154141504
2020-06-04,0.1491568,0.1487611514160113
2020-06-05,0.0100753,0.15185291616770358
2020-06-07,-0.0304021,0.14344530664202784
2020-06-08,-0.13461689999999998,0.1376865206084509
2020-06-10,-0.09930320000000001,0.14166166463361377
2020-06-11,-0.0994708,0.1421115398808585
2020-06-15,0.066122,0.1425429164746355
2020-06-16,-0.0966739,0.1392550082672886
2020-06-17,0.1626954,0.13964727058785495
2020-06-18,-0.0355376,0.1445907904183364
2020-06-19,0.0355376,0.13919266683223128
2020-06-22,-0.05077690000000001,0.13370286846004495
2020-06-23,0.0203179,0.1304202338321112
2020-06-24,0.00508,0.12435602048181457
2020-06-25,0.025380999999999997,0.11752626995185522
2020-06-26,-0.0101506,0.1127696076941678
2020-06-29,0.0710046,0.10744210227923622
2020-06-30,-0.0507057,0.10707074232303444
2020-07-01,-0.1323505,0.1056725974489806
2020-07-02,0.142021,0.11187860265704418
2020-07-04,-0.24888000000000002,0.1171734672719579
2020-07-07,-0.1014944,0.13395966194273046
2020-07-08,0.1035885,0.13518186845042895
2020-07-09,0.01047,0.13549349621124784
2020-07-10,0.09930320000000001,0.12829604941590814
2020-07-12,0.0747403,0.12876035313801826
2020-07-13,-0.0763841,0.12717286207838302
2020-07-14,0.1018157,0.12663112709913235
2020-07-15,-0.050878,0.12742595044466076
2020-07-16,0.0203583,0.12460347459342903
2020-07-17,0.0203488,0.11895384610365667
2020-07-20,-0.047834800000000004,0.11369981822645443
2020-07-21,-0.023427800000000002,0.11158348196022587
2020-07-22,-0.0917955,0.10748137813479423
2020-07-23,-0.0102115,0.10976260695644392
2020-07-24,0.1223796,0.1046475595433933
2020-07-27,-0.1325935,0.10879181657319596
2020-07-28,-0.0408796,0.11478310615188442
2020-07-29,0.0153344,0.11197896084154921
2020-07-30,-0.06648799999999999,0.10681421221124687
2020-08-01,0.0900422,0.10684370286906089
2020-08-04,-0.10195409999999999,0.1080921357009124
2020-08-05,-0.055442899999999996,0.1112651860517779
2020-08-07,0.0457018,0.10999370812412877
2020-08-09,0.1880292,0.10738451390762956
2020-08-10,-0.0417842,0.11708675071219758
2020-08-12,-0.0213413,0.11420010278304368
2020-08-13,-0.0931963,0.10973605969602916
2020-08-14,0.1345527,0.11198237475361086
2020-08-17,-0.15529020000000002,0.1166257948810918
2020-08-18,0.00519,0.12417375034554572
2020-08-19,-0.0570723,0.1173653746228571
2020-08-21,-0.0571474,0.11580726648247336
2020-08-24,0.0363753,0.11436635533159258
2020-08-25,-0.093598,0.11070446755449126
2020-08-26,-0.0156193,0.11291726933896745
2020-08-27,0.0156193,0.10804894567804446
2020-08-28,0.031221699999999998,0.10317702654595792
2020-09-01,-0.1356641,0.09987636590981207
2020-09-03,0.21725109999999997,0.1068430916052923
2020-09-04,0.012006999999999999,0.1192503993552903
2020-09-06,-0.056015,0.11331964467909583
2020-09-07,-0.13725009999999999,0.11195415668478595
2020-09-09,0.0729032,0.11814540652362086
2020-09-10,-0.0836892,0.11717074011457947
2020-09-11,-0.2997867,0.11801188203683867
2020-09-12,-0.005339999999999999,0.14004783085359207
2020-09-14,-0.083669,0.1323877721244531
2020-09-15,-0.15206219999999998,0.13211802144585255
2020-09-17,0.13635629999999999,0.13814957513369855
2020-09-18,-0.20469529999999997,0.14097374989849015
2020-09-21,-0.17924289999999998,0.15130953969077213
2020-09-22,0.27383759999999996,0.15838236484942605
2020-09-23,0.047220200000000004,0.171520349731863
2020-09-24,0.23533379999999998,0.16458055283144246
2020-09-25,0.0521237,0.17380116848024801
2020-09-28,-0.0156305,0.16707912671060554
2020-09-29,-0.026063399999999997,0.15832239994977385
2020-09-30,-0.0626161,0.15110405653251774
2020-10-01,-0.0871331,0.1475895296885988
2020-10-02,0.1101406,0.14650563455763252
2020-10-03,0.1802161,0.1465153954479449
2020-10-04,-0.3314091,0.15242288182218952
2020-10-06,0.061103700000000004,0.1743737747502485
2020-10-07,0.0305375,0.16832253422074492
2020-10-08,-0.0362279,0.1603051276080844
2020-10-09,-0.0833279,0.15381499457677822
2020-10-11,0.0105539,0.15192790633267214
2020-10-12,-0.0640946,0.14355214848406964
2020-10-13,0.1728069,0.14072358647814376
2020-10-14,-0.094173,0.1464494347752313
2020-10-15,0.020945,0.1460803164044715
2020-10-16,0.0680016,0.13894202198815317
2020-10-19,-0.07847280000000001,0.13606861185625563
2020-10-20,-0.0157116,0.1350638752352344
2020-10-21,-0.00524,0.12864529531898553
2020-10-22,0.0471234,0.1217889009116944
2020-10-23,-0.0314099,0.11846611143723076
2020-10-26,0.1881197,0.11457677327989715
2020-10-27,0.00521,0.12370707187193376
2020-10-28,-0.00521,0.11693300320174731
2020-10-30,-0.0782842,0.1108949054276245
2020-11-02,-0.0524131,0.11169862902289958
2020-11-03,0.09751929999999999,0.11012777427971332
2020-11-06,-0.13760440000000002,0.11176553783649748
2020-11-08,0.0465731,0.1180048709207282
2020-11-09,-0.0939354,0.11490501670911231
2020-11-11,0.0790729,0.11684287050627654
2020-11-12,-0.0856069,0.11646751062719715
2020-11-13,-0.0262715,0.11753338218353414
2020-11-16,-0.179069,0.11326345554054137
2020-11-17,-0.0919276,0.12338223494221139
2020-11-18,-0.08258360000000001,0.12451763251169098
2020-11-19,-0.031804799999999994,0.12472558960448789
2020-11-20,-0.0477509,0.1204292969060789
2020-11-23,-0.0106184,0.1178305133678162
2020-11-24,0.053066300000000004,0.11219198509293384
2020-11-25,-0.0796238,0.1100239333664791
2020-11-26,-0.0425258,0.11101145883049265
2020-11-27,-0.11182869999999999,0.10861576750208633
2020-11-30,-0.0373403,0.11266748487010085
2020-12-02,-0.0682317,0.10970124190993112
2020-12-03,0.1790697,0.10968318430865358
2020-12-05,0.39661870000000005,0.11839875403304104
2020-12-06,0.1223366,0.14712030739856097
2020-12-08,0.0,0.14809359213807805
2020-12-10,-0.0943435,0.13940072248790927
2020-12-11,0.11571369999999999,0.13957223436786173
2020-12-14,-0.053590099999999995,0.14056251144015336
2020-12-15,0.1659147,0.1370292942333219
2020-12-16,-0.14983069999999998,0.14245157489338184
2020-12-17,-0.10196599999999999,0.14747038938395177
2020-12-18,-0.043004799999999996,0.14772503663171085
2020-12-21,0.0967009,0.142745960385939
2020-12-22,0.0911314,0.14193004382983737
2020-12-23,0.0695599,0.14071820992861483
2020-12-24,-0.0213912,0.13784114857601862
2020-12-28,-0.06423680000000001,0.13171075547673694
2020-12-29,-0.0267934,0.12975826664665235
2020-12-30,-0.1180878,0.1246708696462177
2020-12-31,-0.2912205,0.12810558282729015
2021-01-03,0.042877399999999996,0.14824102038635528
2021-01-04,-0.13072509999999998,0.1426773201764682
2021-01-06,-0.1840568,0.1459115574118286
2021-01-07,0.00209,0.1538717956784691
2021-01-09,-0.250736,0.14469608706373166
2021-01-10,-0.0363101,0.15921481446883223
2021-01-11,0.0261923,0.15281230362035647
2021-01-12,-0.2214873,0.1455964561941899
2021-01-13,-0.1553828,0.15717267989425585
2021-01-14,-0.0268464,0.16155695024599348
2021-01-15,-0.0914022,0.15416737962850866
2021-01-18,0.13434849999999998,0.15297246331182215
2021-01-19,0.0375432,0.15450098363128895
2021-01-20,-0.026813299999999998,0.14805650591669148
2021-01-21,-0.18277059999999998,0.14165376426941148
2021-01-22,0.0699737,0.14983420564322256
2021-01-25,0.09133430000000001,0.14632143614974732
2021-01-26,-0.0161039,0.14480109550364925
2021-01-27,-0.00537,0.13771613656597678
2021-01-29,0.1072597,0.13022569856349125
2021-02-02,-0.1233716,0.13120815844445793
2021-02-03,0.00536,0.1346378680133015
2021-02-04,-0.0943663,0.1271027522708732
2021-02-06,0.0579305,0.12818605438628877
2021-02-07,0.0939806,0.12527709376948848
2021-02-08,-0.051359300000000004,0.12552176719880573
2021-02-09,0.1307723,0.1228778819702687
2021-02-11,0.026176500000000002,0.1263815731190168
2021-02-12,0.2214873,0.1210655729338575
2021-02-15,-0.0913682,0.13265908453256184
2021-02-16,-0.059223200000000004,0.1330618266752571
2021-02-17,0.08611619999999999,0.13056835060417013
2021-02-18,-0.00538,0.12977967888809125
2021-02-19,0.0591133,0.12285495550221472
2021-02-22,-0.0322336,0.12042255256539325
2021-02-23,0.0161198,0.11646731004226679
2021-02-24,-0.0322456,0.1110534314076534
2021-02-25,0.010751199999999999,0.10775439557381149
2021-02-26,0.1020038,0.10251976813087271
2021-03-02,0.05368289999999999,0.10508351481190972
2021-03-03,-0.0482341,0.10346111670189118
2021-03-05,-0.0264604,0.10209472090191714
2021-03-06,-0.036855900000000004,0.09890839842497058
2021-03-08,-0.0020599999999999998,0.09684973128073104
2021-03-09,-0.0470327,0.0919144209141285
2021-03-11,0.047078,0.09123415079722733
2021-03-12,0.0205462,0.09002342392139705
2021-03-15,0.0,0.08675863966928957
2021-03-16,-0.031658,0.08231686081775609
2021-03-17,0.0474783,0.08091450594853256
2021-03-18,-0.1161498,0.08042784774755304
2021-03-19,0.0950548,0.0869888579867381
2021-03-22,-0.07391350000000001,0.09007137969359455
2021-03-23,0.06863810000000001,0.09195034855222148
2021-03-24,0.1211716,0.09246299392557965
2021-03-25,0.1260805,0.09740137549309394
2021-03-26,0.07337830000000001,0.10240101332311387
2021-03-29,-0.010475,0.10257958682302745
2021-03-30,0.010475,0.09797796572072644
2021-03-31,0.13072509999999998,0.09338515938406944
2021-04-01,-0.1789342,0.09908857410325983
2021-04-02,0.0536166,0.11036430229350927
2021-04-03,0.0643002,0.10836872267280921
2021-04-05,0.11102550000000001,0.10738247413410919
2021-04-06,0.052641799999999996,0.11035758510845577
2021-04-08,0.017469799999999997,0.10828351979212128
2021-04-10,-0.1299272,0.10354141950912951
2021-04-13,-0.0315049,0.1096790135949881
2021-04-14,-0.0473002,0.10641070615000515
2021-04-15,-0.0157782,0.1047567853967492
2021-04-16,-0.010522,0.1004631833407893
2021-04-19,0.026300199999999996,0.09600903512624766
2021-04-20,-0.1422104,0.0928020950252089
2021-04-21,0.0,0.10095254472920855
2021-04-22,-0.0633544,0.09556568129433057
2021-04-23,0.0158473,0.0961004391143328
2021-04-26,-0.0845857,0.09205736070026174
2021-04-27,-0.0529498,0.09478003247246851
2021-04-28,0.042365,0.0944328335442346
2021-04-30,0.021167000000000002,0.09262306664262882
2021-05-01,0.108533,0.08923449182602579
2021-05-02,0.23512989999999998,0.09331378008833387
2021-05-03,0.1283156,0.10860016779288076
2021-05-04,0.036722399999999995,0.1129606910205464
2021-05-05,0.0474956,0.10942448040458357
2021-05-07,-0.0887541,0.10699951926112686
2021-05-08,-0.061689600000000004,0.10903665837132856
2021-05-10,0.0831982,0.10847905688610658
2021-05-11,0.0626914,0.10904135521134593
2021-05-17,0.0315277,0.10787646830971827
2021-05-18,-0.0809672,0.10427761749292745
2021-05-19,0.00737,0.10579828774780504
2021-05-20,0.1260958,0.10043215033263724
2021-05-21,0.0419507,0.10520834566592353
2021-05-24,-0.026214400000000002,0.10262855130527562
2021-05-25,0.0209728,0.0993843521697706
2021-05-27,0.0104826,0.0955258349131759
2021-05-28,-0.0681822,0.09109815668483304
2021-05-31,0.010496499999999999,0.09238139632511842
2021-06-01,0.0866315,0.08816462666009288
2021-06-04,-0.0892368,0.09044800761303214
2021-06-05,0.0790441,0.09371709643297532
2021-06-07,-0.015681300000000002,0.09497406083879945
2021-06-08,-0.020582700000000002,0.09133422217260993
2021-06-09,-0.0837396,0.08836286716281054
2021-06-10,-0.0052,0.0912689369844065
2021-06-12,-0.0462425,0.08697416635579071
2021-06-14,0.0211079,0.08655796063723249
2021-06-15,0.0,0.08356726528686818
2021-06-16,0.036914100000000005,0.0793340458315193
2021-06-17,0.1368355,0.07808935927551972
2021-06-18,0.0997232,0.08549297057692237
2021-06-21,0.0838002,0.0890818254255282
2021-06-22,-0.0209349,0.09106180604306606
2021-06-23,0.1724119,0.08813926570901721
2021-06-24,0.015639899999999998,0.09798590974448995
2021-06-25,-0.0834781,0.0937996705438976
2021-06-28,-0.0731752,0.09629629987708054
2021-06-29,-0.0366339,0.09767163687256637
2021-06-30,0.0711461,0.09567779550617701
2021-07-01,-0.0162303,0.09614065470286846
2021-07-04,-0.047317399999999996,0.09246994396602984
2021-07-05,-0.0843188,0.09177725904736728
2021-07-07,0.0626914,0.0944951090769468
2021-07-09,0.015713500000000002,0.09434089937824762
2021-07-10,0.0207772,0.09040513213542167
2021-07-12,0.0770436,0.08713335405788634
2021-07-13,-0.00518,0.08868004843679915
2021-07-14,0.10353910000000001,0.08455479964463489
2021-07-15,-0.041386,0.08853957099188049
2021-07-16,0.051726400000000006,0.0875847232983212
2021-07-19,0.1805586,0.08700008207956994
2021-07-21,0.25152759999999996,0.09769171648271799
2021-07-22,-0.1640978,0.11414621341370415
2021-07-23,-0.0308375,0.12273729315937383
2021-07-26,0.0185051,0.11849760788701814
2021-07-27,0.0380135,0.11313010387743799
2021-07-28,0.0236133,0.1096853451358289
2021-07-29,-0.090416,0.10533261697061504
2021-07-30,0.0822041,0.10764247129607966
2021-08-01,0.3180869,0.10818181141633343
2021-08-02,-0.1387865,0.13010707604181868
2021-08-03,0.23957459999999997,0.1350507996613688
2021-08-04,0.11032710000000001,0.14710059210658566
2021-08-06,-0.0684467,0.1470811545095311
2021-08-07,0.1251119,0.14437676593380766
2021-08-09,0.107746,0.14578805201574263
2021-08-10,0.00519,0.14565401228877056
2021-08-11,-0.0417842,0.1373154629998588
2021-08-12,-0.12333540000000001,0.13298640708805104
2021-08-13,0.0,0.13627819040557296
2021-08-16,0.0614785,0.1284347826899456
2021-08-17,-0.0307284,0.1257944170459704
2021-08-18,-0.0666528,0.12132903122816231
2021-08-19,0.08201979999999999,0.12033998399887075
2021-08-20,-0.0204904,0.11995596355873736
2021-08-23,-0.0871923,0.11501691480302577
2021-08-24,-0.11824540000000001,0.11633189622570952
2021-08-25,-0.030899600000000003,0.12040637974384644
2021-08-26,-0.2428108,0.11633635326061632
2021-08-27,0.0258956,0.13257641181716404
2021-08-30,-0.2596531,0.12679830552978064
2021-09-02,-0.0427929,0.14380530941596173
2021-09-03,0.3805916,0.13909363593955595
2021-09-04,-0.0314934,0.1639623310092095
2021-09-06,-0.0369007,0.1567939071986658
2021-09-07,0.15588480000000002,0.15062087885040196
2021-09-08,0.0514384,0.15413666319336114
2021-09-09,-0.0920382,0.14882186842087541
2021-09-11,-0.0365942,0.148084227449025
2021-09-12,-0.087575,0.14252318503831454
2021-09-13,0.015726800000000003,0.14185544370516295
2021-09-14,0.0628502,0.13461316469270485
2021-09-15,0.1097694,0.13163813109700653
2021-09-17,0.1094926,0.13272482351320355
2021-09-20,0.1974305,0.13370796094731743
2021-09-21,0.00518,0.14212590438790013
2021-09-22,-0.0103675,0.13404084186420676
2021-09-23,-0.0207424,0.12723846003787775
2021-09-24,-0.05709279999999999,0.12180821934819927
2021-09-27,0.0415295,0.11993560613152698
2021-09-28,-0.0207598,0.11629538474005947
2021-09-29,0.0207598,0.11163534617332958
2021-09-30,0.0311211,0.10692223991453059
2021-10-02,-0.1877163,0.1033566641891174
2021-10-03,0.0263065,0.11515304734598623
2021-10-05,-0.11620630000000001,0.11063511669422241
2021-10-06,-0.0126589,0.11494520441060448
2021-10-09,-0.0681082,0.10968207439297234
2021-10-11,-0.00732,0.10965427675940313
2021-10-12,0.066985,0.10429914912578725
2021-10-13,-0.1407594,0.10381801163226959
2021-10-14,-0.0229819,0.11097054428616873
2021-10-15,0.0177598,0.1068722531270201
2021-10-18,0.0626236,0.10224979991068793
2021-10-20,-0.0887434,0.10155372803056585
2021-10-21,0.0104498,0.1039818796538785
2021-10-22,0.01567,0.09898101099387278
2021-10-25,-0.0888716,0.09473006051832698
2021-10-26,-0.0261734,0.0976591881782551
2021-10-27,0.0209399,0.09474947177734458
2021-10-28,0.0418496,0.09120054059945815
2021-10-29,-0.0942184,0.08956737203674883
2021-11-01,-0.00537,0.09336497003874991
2021-11-02,0.048347499999999995,0.08894543525198365
2021-11-03,-0.1686378,0.087992681206579
2021-11-05,0.1088206,0.09916317607113485
2021-11-06,-0.0242732,0.10254865579769076
2021-11-08,0.1488278,0.09914106793421514
2021-11-10,-0.1456318,0.10599971907753905
2021-11-11,0.1170127,0.11345144746172994
2021-11-15,-0.0970165,0.11648899921525983
2021-11-16,0.026101,0.11859290653396745
2021-11-17,0.1926614,0.11381872823786618
2021-11-18,0.00312,0.12341565042511565
2021-11-19,0.0332363,0.11649910906789046
2021-11-22,0.051880800000000005,0.11243796713771703
2021-11-23,0.0259172,0.11015679623575733
2021-11-24,0.2016251,0.10595426257735321
2021-11-25,0.180152,0.1170048411621406
2021-11-26,0.1538235,0.12523459407008147
2021-11-29,-0.0307211,0.1305290792694598
2021-11-30,-0.13337659999999998,0.12572643095866887
2021-12-01,0.19297240000000002,0.1305006633380923
2021-12-03,0.0474956,0.1387843817120113
2021-12-04,0.0157496,0.13427530504154156
2021-12-05,0.1600932,0.12757797653634315
2021-12-07,0.0362927,0.13323185235701177
2021-12-08,-0.030750100000000002,0.128230073775732
2021-12-10,0.0416589,0.1235936564025993
2021-12-11,0.0552624,0.11970544285628953
2021-12-13,-0.092776,0.11718555079161129
2021-12-14,0.25722330000000004,0.11885119707118935
2021-12-15,-0.00513,0.13391192825646073
2021-12-16,-0.0205243,0.12667258302492423
2021-12-17,-0.2109354,0.12126361530004022
2021-12-20,0.1595821,0.13385728301172248
2021-12-21,-0.1492688,0.13898237699389746
2021-12-22,-0.0154709,0.1442184983729126
2021-12-23,-0.0412827,0.13712154238553662
2021-12-24,-0.0516587,0.13276282928855604
2021-12-27,-0.1501586,0.12962536020716697
2021-12-28,-0.0311322,0.13567182891140486
2021-12-29,-0.0207672,0.13053675742199267
2021-12-30,-0.11439760000000002,0.12487463964529116
2021-12-31,0.0572364,0.12795369579315066
2022-01-03,-0.0620716,0.12500542088720784
2022-01-04,0.0516218,0.12334496241471003
2022-01-06,0.1139946,0.1202733302733146
2022-01-07,0.0344893,0.12255333794381894
2022-01-08,0.0292783,0.11816690338306712
2022-01-09,-0.019373,0.11367444541609412
2022-01-11,0.0413286,0.10907699403693866
2022-01-12,-0.6600718999999999,0.10617967997960763
2022-01-13,-0.031162,0.1756286166328016
2022-01-14,-0.0103923,0.16756247663048077
2022-01-17,0.0623166,0.15832437917438333
2022-01-19,0.08294990000000001,0.15356889342014626
2022-01-20,-0.0725725,0.1508282308590276
2022-01-21,0.0103749,0.14821095734900053
2022-01-24,-0.0311322,0.14009127649230563
2022-01-25,0.04669,0.13463806758750382
2022-01-26,0.0259172,0.13036364909680093
2022-01-27,0.12935449999999998,0.12474479785240862
2022-01-28,-0.1138116,0.12798837664229526
2022-01-31,-0.0310914,0.13078045563916998
2022-02-03,-0.0310691,0.12599194132736893
2022-02-06,0.0593569,0.12154209528601159
2022-02-08,0.0487533,0.1192228892717313
2022-02-09,0.0145306,0.11621243967413618
2022-02-11,0.0917007,0.1106913007333672
2022-02-12,-0.1085243,0.1118023783538109
2022-02-14,0.0383492,0.1153109618893517
2022-02-15,-0.057017799999999993,0.11174087402557799
2022-02-16,0.0259265,0.11057591037772002
2022-02-17,-0.0414898,0.10634517355146325
2022-02-18,-0.00519,0.10418285335663485
2022-02-21,0.0207523,0.09901963348592513
2022-02-22,-0.0207523,0.09516829232908527
2022-02-23,0.0,0.09195483062818209
2022-02-24,0.11919070000000001,0.08717028198259995
2022-02-25,0.020695500000000002,0.09232546974353803
2022-02-28,0.0310247,0.08891928546776691
2022-03-01,-0.05203,0.086565449774417
2022-03-02,-0.0778259,0.08669628433898617
2022-03-03,-0.0155429,0.08917173539973366
2022-03-06,-0.0692576,0.08590681903246424
2022-03-08,0.00487,0.08764817271169323
2022-03-10,0.07946840000000001,0.08330222718510628
2022-03-11,0.0457779,0.08531795408830718
2022-03-14,0.13445659999999998,0.08439888395072498
2022-03-15,0.0237452,0.09110765248122103
2022-03-16,-0.0857504,0.0880254466904033
2022-03-17,-0.09835630000000001,0.0911423518771281
2022-03-18,0.1345367,0.09521442288861932
2022-03-21,-0.03101,0.10111459239700962
2022-03-22,0.1393708,0.09839229022124685
2022-03-23,0.061799299999999995,0.10447647295571266
2022-03-24,0.0771257,0.10355791269115608
2022-03-25,-0.0514019,0.10396528520835238
2022-03-28,-0.08236979999999999,0.1028452490798682
2022-03-29,0.08236979999999999,0.10459624808795377
2022-03-30,-0.1752229,0.10536545306219355
2022-03-31,-0.0103293,0.11575226739196116
2022-04-01,0.10919110000000001,0.11023350116245534
2022-04-02,-0.0207772,0.1128452899291333
2022-04-03,-0.053925200000000006,0.10842654076121866
2022-04-04,0.0979128,0.10721951637233434
2022-04-07,0.0295405,0.10909993999790903
2022-04-08,-0.026317,0.10525836286931609
2022-04-10,-0.042053400000000005,0.10184301773054301
2022-04-11,0.00458,0.10004135887881645
2022-04-13,-0.0667395,0.09484719434779432
2022-04-14,0.0205462,0.09573849769303809
2022-04-15,0.0615802,0.09209192261022073
2022-04-18,0.14130399999999999,0.09201107564019348
2022-04-20,0.1805674,0.09874969528579233
2022-04-21,0.2132632,0.1084776404384467
2022-04-22,0.2071803,0.12038008615163438
2022-04-25,0.4014305,0.13074246465636696
2022-04-26,0.00499,0.1585533161469584
2022-04-27,0.0848183,0.1492605460952706
2022-04-28,0.04981579999999999,0.14699144977390302
2022-04-29,-0.0249008,0.14207117282819592
2022-05-01,0.0933744,0.13593785246224788
2022-05-04,-0.0102962,0.1353517146886376
2022-05-05,-0.2247518,0.1284497487594681
2022-05-07,0.0491895,0.1418000905920178
2022-05-08,0.00195,0.13720779031639413
2022-05-09,0.029046600000000002,0.1292240366818924
2022-05-10,-0.0654974,0.1239335582059718
2022-05-12,-0.2923886,0.1226544792069351
2022-05-13,0.10383320000000001,0.14344253220237033
2022-05-17,-0.0197586,0.1431611326168834
2022-05-18,-0.00494,0.13650755881185214
2022-05-19,0.07701659999999999,0.12906696935433487
2022-05-20,-0.047378699999999996,0.1276429280717878
2022-05-23,-0.08897450000000001,0.12449771524516533
2022-05-24,0.0197879,0.12528392070792313
2022-05-25,0.0197789,0.11954141836346704
2022-05-26,0.0494078,0.11420138733521615
2022-05-27,-0.1483923,0.11159695799930593
2022-05-30,-0.11908,0.11887778147044392
2022-05-31,0.0496564,0.12283908135940746
2022-06-01,0.1190203,0.11964531756942877
2022-06-04,0.00515,0.12239514170478678
2022-06-05,0.3590467,0.11570833116736022
2022-06-07,0.07858760000000001,0.14091980046193522
2022-06-09,0.0435334,0.1387596009130273
2022-06-10,-0.0702856,0.1339363567797587
2022-06-12,0.13404929999999998,0.1323586280592286
2022-06-13,0.1576746,0.1354264486025746
2022-06-13,0.0,0.1402672311369977
2022-06-14,0.08844099999999999,0.13213843798580557
2022-06-15,-0.0461634,0.13142586755180308
2022-06-16,-0.1969906,0.1279030725778105
2022-06-17,0.026646,0.13857017534078372
2022-06-20,-0.0049299999999999995,0.13242220508286331
2022-06-21,-0.024674400000000003,0.12527179556258822
2022-06-22,0.029607599999999998,0.12031959834717261
2022-06-23,0.0394455,0.1157024251451423
2022-06-24,0.0,0.11219265341391811
2022-06-27,0.0,0.10603904560136729
2022-06-28,-0.0710276,0.10030708672477685
2022-06-29,0.011846,0.10120513673543237
2022-06-30,0.05425290000000001,0.0965024319569279
2022-07-01,0.00517,0.09551823640599552
2022-07-02,0.0654144,0.09067395970382092
2022-07-03,-0.0654222,0.09100711703181942
2022-07-04,0.00309,0.09204539976679094
2022-07-06,0.1087838,0.08726958566696806
2022-07-07,0.00981,0.09151252323669248
2022-07-09,0.11587629999999999,0.08729943577974084
2022-07-10,0.19184510000000002,0.09215596509309705
2022-07-11,-0.0228805,0.10346134683267734
2022-07-12,0.24715209999999999,0.09987049551370339
2022-07-13,-0.0489732,0.11570110761658593
2022-07-14,0.09789130000000001,0.11354431313232528
2022-07-15,0.0781545,0.11496625684015921
2022-07-18,-0.00195,0.11464949863627719
2022-07-19,0.0750944,0.10849208036124933
2022-07-20,-0.0780228,0.10838335190584591
2022-07-21,0.07315050000000001,0.1093430641676517
2022-07-22,-0.034121599999999995,0.10901408185262983
2022-07-25,0.024375300000000003,0.10602033353431319
2022-07-26,0.0146186,0.10197992162798925
2022-07-27,0.029222500000000002,0.09744310005921042
2022-07-28,-0.048715,0.09437267283075668
2022-07-29,-0.06341129999999999,0.09367481752166854
2022-08-02,0.00726,0.09434589902801094
2022-08-03,0.0135079,0.0897438013115517
2022-08-04,0.0226442,0.08593961589128694
2022-08-06,-0.0444695,0.08311218807463408
2022-08-07,-0.00491,0.08279668413368003
2022-08-08,0.063326,0.07903378898350698
2022-08-09,-0.0337653,0.07998431276869228
2022-08-11,-0.013734099999999999,0.07892224909600548
2022-08-12,0.0049299999999999995,0.07617209406122186
2022-08-15,0.1172054,0.07257535027157631
2022-08-16,0.11008000000000001,0.07863101127698442
2022-08-17,0.0165366,0.08361205084726525
2022-08-18,0.0631701,0.08045126408964032
2022-08-19,0.056289700000000005,0.08129327413336102
2022-08-22,0.040716,0.08150722326472795
2022-08-23,0.0532609,0.08042868266568808
2022-08-24,0.0,0.08045014113340347
2022-08-25,-0.0871883,0.07641912110805099
2022-08-26,-0.0407479,0.08049360540454031
2022-08-29,0.1327748,0.08001957634677061
2022-08-30,-0.033881999999999995,0.08691028941836913
2022-09-02,-0.015563299999999999,0.08539956475708847
2022-09-03,0.017657799999999998,0.08238546045701957
2022-09-05,0.0694713,0.07939388818395934
2022-09-06,-0.00494,0.08083482010845455
2022-09-08,-0.0506534,0.07720188401197405
2022-09-09,-0.0337916,0.0778381051553103
2022-09-11,-0.2249403,0.07691931056994976
2022-09-12,-0.0710276,0.09509934900946153
2022-09-13,0.0337354,0.09636289455477706
2022-09-14,0.17788140000000002,0.09372696431530574
2022-09-15,0.0623263,0.10361865000528797
2022-09-19,0.12438489999999999,0.102802976947325
2022-09-20,0.0811364,0.10725593849189337
2022-09-21,0.1142881,0.1077342033261252
2022-09-22,0.0332775,0.11096057807196333
2022-09-23,0.00475,0.10728817305862702
2022-09-26,0.2652767,0.10161534672538375
2022-09-27,0.1273246,0.11902387791650351
2022-09-28,0.0705749,0.12252308674005541
2022-09-29,0.25312429999999997,0.12104510751208453
2022-09-30,-0.046763700000000005,0.13553209323692
2022-10-01,-0.012402800000000002,0.1317661249152745
2022-10-02,0.0,0.1252994700854619
2022-10-03,0.0207647,0.11823368648929068
2022-10-05,-0.024798399999999998,0.11306275815144015
2022-10-06,0.06916309999999999,0.10897679324933172
2022-10-08,0.0116945,0.1083460762899398
2022-10-11,-0.1124471,0.10314499525898446
2022-10-13,0.0278008,0.10766003958607452
2022-10-14,0.0925409,0.10377922865610152
2022-10-17,0.1752864,0.10545569660209292
2022-10-18,0.00921,0.1141702846469259
2022-10-19,0.027606400000000003,0.10837324447235312
2022-10-20,0.0689393,0.10442788037442857
2022-10-21,0.082583,0.10409837037960668
2022-10-25,0.0320732,0.10492056325043239
2022-10-26,-0.1376238,0.10156850532742191
2022-10-27,-0.1242354,0.10859337677759551
2022-10-28,0.08286310000000001,0.11380962988914547
2022-10-31,0.0459668,0.11396380269411567
2022-11-01,-0.0879547,0.11109888146539364
2022-11-02,0.0342319,0.1127669183577079
2022-11-03,0.0881395,0.10904528488307852
2022-11-04,0.0647794,0.10997773572025966
2022-11-05,0.0644464,0.10891761267561297
2022-11-08,-0.0975505,0.10790478369020165
2022-11-10,0.1956495,0.11068475556454069
2022-11-11,-0.5928329,0.12080460631431589
2022-11-14,-0.5271086,0.17729438282837243
2022-11-15,0.035971100000000006,0.21745031862760328
2022-11-16,-0.4737909,0.2061254142046085
2022-11-17,0.0955544,0.23742263546363607
2022-11-21,0.0905823,0.22923651992074257
2022-11-22,0.1663692,0.22130182266350987
2022-11-23,-0.0284752,0.22012476083088456
2022-11-24,-0.49175850000000004,0.20843212913842366
2022-11-25,-0.6043717,0.24135610141024597
2022-11-29,0.4456329,0.282548340314251
2022-11-30,-0.2998148,0.2998810111913338
2022-12-01,-0.10681969999999999,0.30571520422954745
2022-12-04,0.063657,0.2938840908074131
2022-12-05,0.0297123,0.27864112717741124
2022-12-07,0.1078141,0.2619881153871266
2022-12-08,-0.0635255,0.25281359368146195
2022-12-09,0.0723784,0.24154514646338318
2022-12-10,0.1206761,0.2311938320642723
2022-12-12,0.1940643,0.22551398091856759
2022-12-13,0.15698,0.22628044982272139
2022-12-14,-0.1913951,0.22393576128045725
2022-12-15,-0.0738387,0.226271448195765
2022-12-16,0.1622797,0.217993896567693
2022-12-19,-0.0343723,0.21674603473216833
2022-12-20,0.14222289999999999,0.20581826718822718
2022-12-21,0.0440436,0.20389466384468047
2022-12-22,-0.102838,0.19424906073341966
2022-12-23,-0.0049,0.1910079495284569
2022-12-27,-0.07361340000000001,0.1795486154792085
2022-12-28,0.1079237,0.17486561516831312
2022-12-29,-0.127575,0.1725478277273396
2022-12-30,-0.0590074,0.17319683148094306
2023-01-03,0.024209500000000002,0.16771921108380422
2023-01-06,-0.0423541,0.15925005102756692
2023-01-08,-0.2349747,0.1533672949990229
2023-01-09,0.0280824,0.16559766028190087
2023-01-11,0.0682889,0.1575895735931481
2023-01-12,0.22807439999999998,0.15336742623166408
2023-01-13,-0.2743184,0.16287567356611232
2023-01-16,-0.2810977,0.1781299634939606
2023-01-17,0.165867,0.19271273732170513
2023-01-18,0.08019290000000001,0.19377118187376569
2023-01-19,-0.19573020000000002,0.18776871552342178
2023-01-20,-0.2320009,0.19344384927831473
2023-01-25,-0.2129147,0.20203506384487505
2023-01-26,-0.2292872,0.20813656443499964
2023-01-27,-0.21509910000000002,0.21525321219334878
2023-01-30,0.0820682,0.2204685333989209
2023-01-31,0.1023676,0.21254501905519388
2023-02-02,-0.0665115,0.20686406627336654
2023-02-03,-0.092068,0.1994661652897855
2023-02-05,0.0243452,0.19487129526625005
2023-02-06,-0.1982006,0.1843722036235904
2023-02-08,0.22540870000000002,0.1905522606963885
2023-02-10,0.134063,0.19679082322103467
2023-02-11,-0.19148010000000001,0.1949095720595764
2023-02-13,0.2898639,0.1996132928720318
2023-02-14,-0.0997347,0.21065050150093684
2023-02-15,0.343121,0.2058569417002749
2023-02-16,0.1828819,0.22103215056429826
2023-02-17,0.2655341,0.22123635978587997
2023-02-20,0.0245046,0.22835646572903465
2023-02-21,0.0,0.2152887350530364
2023-02-22,0.044073400000000006,0.20156022425791567
2023-02-23,-0.0244797,0.19209616508549582
2023-02-24,-0.0049,0.18221637639008764
2023-02-27,0.3803636,0.17141981306447765
2023-02-28,0.1066825,0.19309893376720982
2023-03-01,-0.22694070000000002,0.189278618096359
2023-03-02,0.26543700000000003,0.19774066403708548
2023-03-03,0.019399,0.20681819904640686
2023-03-04,0.13277429999999998,0.19502064516223214
2023-03-05,-0.0292159,0.19317249521267096
2023-03-07,-0.1068719,0.1836151791903708
2023-03-08,0.1432686,0.18155476606133783
2023-03-10,0.188834,0.1816189544129624
2023-03-11,-0.1189598,0.18547852377190246
2023-03-13,-0.3280623,0.1843510290202346
2023-03-14,-0.038759,0.20298821549039656
2023-03-15,-0.08733439999999999,0.19349728659375345
2023-03-16,0.3579238,0.1889486820960794
2023-03-17,-0.2463609,0.2069550650355354
2023-03-20,-0.019381699999999998,0.21576405429851153
2023-03-21,-0.0290887,0.20363660237235032
2023-03-22,-0.05338,0.19326906407573613
2023-03-23,-0.4245146,0.18578075123781396
2023-03-24,-0.019618,0.2140482503712169
2023-03-27,0.029423699999999997,0.20207345341100658
2023-03-28,-0.319824,0.1914214561055594
2023-03-29,0.037516600000000004,0.20860958251203618
2023-03-30,0.22834859999999998,0.1980889649847912
2023-03-31,-0.1475019,0.2039616960622758
2023-04-01,0.14320940000000001,0.20393971018838994
2023-04-04,-0.1475521,0.20224493191084922
2023-04-07,-0.032578499999999996,0.20236380690361597
2023-04-08,-0.062025000000000004,0.19239187989466178
2023-04-09,0.1308117,0.18571925352121568
2023-04-10,0.09181700000000001,0.18443506965654308
2023-04-12,-0.1534693,0.18008121283244552
2023-04-13,-0.1329851,0.1824891647445344
2023-04-14,-0.1333936,0.18285268057449186
2023-04-17,0.3007899,0.1832245994776627
2023-04-18,0.18632959999999998,0.19662427729314838
2023-04-19,-0.0636544,0.19907519708808824
2023-04-20,0.0636544,0.19203096196701358
2023-04-25,0.0342369,0.18484373944168667
2023-04-26,0.1902557,0.17587905954049293
2023-04-27,-0.0292159,0.1803162437850239
2023-04-28,0.00487,0.17173144274921662
2023-05-01,-0.0345246,0.1614566435740903
2023-05-04,-0.1134637,0.15473455236546776
2023-05-05,-0.19527660000000002,0.1554770463552729
2023-05-07,-0.16326,0.16372748571850207
2023-05-09,0.0512827,0.16832392659901385
2023-05-10,-0.1285983,0.16194504349726332
2023-05-12,0.051216700000000004,0.16350587148367907
2023-05-15,0.1983194,0.1574805371165808
2023-05-16,-0.00676,0.16407315481562715
2023-05-17,0.19937039999999998,0.15478473341192664
2023-05-18,0.0576179,0.16168345109261775
2023-05-19,0.2631081,0.15630319669568937
2023-05-22,-0.1385311,0.16866131269979395
2023-05-23,0.10990570000000001,0.17060438279713727
2023-05-24,0.32332120000000003,0.16877341686567007
2023-05-25,0.3350362,0.18545806763335448
2023-05-26,0.1407915,0.20171546074034796
2023-05-29,-0.2914739,0.1999980031154366
2023-05-30,0.0848232,0.21368033858717847
2023-05-31,0.0376461,0.2065066467872426
2023-06-01,-0.0543084,0.19615805897616978
2023-06-03,-0.1408393,0.18852887984029212
2023-06-04,0.0838931,0.1891269767435983
2023-06-06,0.0708898,0.1837770235353104
2023-06-07,0.1166769,0.17779497726233862
2023-06-09,0.0977355,0.17596654141762036
2023-06-10,-0.013800999999999999,0.17273734609040975
2023-06-11,-0.6741256999999999,0.16340452008875275
2023-06-12,0.060451099999999994,0.22255276248163028
2023-06-13,0.0235046,0.21275386002534857
2023-06-14,-0.009399999999999999,0.20081911629490876
2023-06-15,0.1501614,0.18899443421539155
2023-06-16,-0.16426570000000001,0.1890460635825191
2023-06-19,-0.0376338,0.1917273922966104
2023-06-20,0.2206332,0.18300078058895397
2023-06-21,0.1075624,0.1894471816853585
2023-06-22,0.0233479,0.1859802385557042
2023-06-23,0.2281477,0.17607694456380532
2023-06-26,0.0788741,0.1837322630016262
2023-06-27,-0.1904702,0.1783921711134537
2023-06-28,0.027925900000000003,0.18433848605671643
2023-06-30,0.11152440000000001,0.1749171004829303
2023-07-02,0.2789964,0.1728888058886125
2023-07-03,0.1262908,0.18524646308002535
2023-07-04,-0.019725,0.1836288201922018
2023-07-06,0.0707743,0.17398424146432187
2023-07-07,0.11171569999999999,0.16873444717799516
2023-07-08,0.057257,0.16719387676797517
2023-07-09,0.0325297,0.16137442029290197
2023-07-11,-0.0558758,0.15402841088410954
2023-07-12,0.0371589,0.149707509183135
2023-07-13,-0.3894202,0.14358341862617424
2023-07-14,-0.8326909,0.1725489934199859
2023-07-17,0.3349946,0.2500805157852746
2023-07-18,-0.186321,0.26069014078204106
2023-07-20,0.12430279999999999,0.25955312241384126
2023-07-21,0.0381755,0.25189176488860565
2023-07-24,0.2141144,0.2380362344060413
2023-07-25,-0.0826658,0.2394430574134939
2023-07-26,-0.0551981,0.230889758903508
2023-07-27,-0.29621959999999997,0.22064153457410243
2023-07-28,0.1607826,0.23298685206569997
2023-07-31,-0.055441,0.23041421863479192
2023-08-02,0.0404324,0.22022421551009003
2023-08-03,0.4391481,0.2090331553821833
2023-08-05,-0.029367400000000002,0.23258028394470426
2023-08-06,0.1129995,0.21999183845050044
2023-08-08,0.1855657,0.2145808520326923
2023-08-09,0.0139338,0.2155269413583989
2023-08-11,0.0884368,0.20263414172307376
2023-08-12,-0.10226350000000001,0.1966076860658635
2023-08-14,0.3070567,0.19313263249776016
2023-08-15,0.1503726,0.20623083325013114
2023-08-16,0.1217955,0.20494188435519306
2023-08-17,0.0420805,0.20142387874511694
2023-08-18,-0.0420805,0.1918136085620541
2023-08-21,0.0981246,0.18346236585002176
2023-08-22,-0.0326836,0.17969197879119414
2023-08-23,0.042017200000000005,0.17145129111406635
2023-08-24,-0.1121363,0.16410520020460254
2023-08-25,0.0934671,0.16401374759874301
2023-08-28,0.00467,0.1613441350784727
2023-08-29,-0.0467034,0.15182163950146174
2023-08-30,-0.0841928,0.1468638128085941
2023-09-01,-0.1881352,0.14557173805017928
2023-09-02,0.07570940000000001,0.15394652819699225
2023-09-03,0.0192017,0.15059218740934469
2023-09-05,0.0587149,0.14298957243470165
2023-09-06,-0.056463,0.13907326206655404
2023-09-08,0.056937999999999996,0.1359005019474335
2023-09-10,0.0413899,0.1323562446024367
2023-09-11,0.1300006,0.12782265001942755
2023-09-13,0.0510634,0.13089001112828555
2023-09-14,0.00742,0.12723488194671162
2023-09-15,-0.025984,0.12038513752017661
2023-09-18,0.0677114,0.11589044020380476
2023-09-19,0.0759337,0.11465195756201717
2023-09-20,0.0046300000000000004,0.11417499599795532
2023-09-21,-0.09261,0.10801948176358626
2023-09-22,0.0278037,0.11033651491618324
2023-09-25,-0.0324394,0.10627140209850963
2023-09-26,0.0741117,0.10332017681761518
2023-09-27,0.134006,0.10349486355717669
2023-09-29,-0.15252200000000002,0.10872747401399452
2023-10-01,-0.0148875,0.11662957043172853
2023-10-02,0.24640170000000003,0.11144069741016868
2023-10-03,-0.0624366,0.12615170018509872
2023-10-04,0.054222099999999995,0.1244411789774918
2023-10-05,0.12206829999999999,0.12150091550340464
2023-10-07,-0.027902,0.12437043846880208
2023-10-08,-0.056937999999999996,0.11976097396530155
2023-10-10,0.0964232,0.11802061739900921
2023-10-11,0.3463108,0.11899571033308419
2023-10-13,0.11023870000000001,0.14258565983296811
2023-10-16,0.050432700000000004,0.1428968005590909
2023-10-17,-0.0641973,0.1383241116449685
2023-10-18,0.0779415,0.1358871491720764
2023-10-19,0.196524,0.1340426358279081
2023-10-20,0.1183985,0.14235426378507943
2023-10-23,0.0454521,0.1433591706180573
2023-10-24,-0.00454,0.13835564359604613
2023-10-25,-0.0318148,0.13074890411886225
2023-10-26,0.1044469,0.12602530523173042
2023-10-27,-0.10899379999999999,0.12708333549045078
2023-10-30,-0.1685698,0.1295010964680464
2023-10-31,0.0820887,0.13730079221543243
2023-11-01,0.0,0.13569083063923554
2023-11-04,0.0787479,0.1278893194541812
2023-11-05,0.014625200000000001,0.1266919699087302
2023-11-07,-0.0651744,0.12044441403908247
2023-11-08,0.0664204,0.11938702162627662
2023-11-09,0.00929,0.11779464215344045
2023-11-10,-0.07344590000000001,0.11175243017723005
2023-11-12,0.1440293,0.11205772870559043
2023-11-14,-0.0137995,0.11751269483490787
2023-11-15,-0.5649288,0.11216892207145059
2023-11-16,0.47742979999999996,0.1667242055236715
2023-11-17,-0.24964840000000002,0.19814297317403312
2023-11-20,-0.1811983,0.20800195760331822
2023-11-21,-0.1539143,0.2107048937998404
2023-11-22,0.1799791,0.21072201442022712
2023-11-23,0.1829432,0.21151535318445883
2023-11-24,-0.0139026,0.21249062025030652
2023-11-27,-0.041734600000000004,0.20015152635665465
2023-11-28,-0.074294,0.19113345772942034
2023-11-29,-0.2329912,0.1856251393885843
2023-11-30,0.0513654,0.19496062257654584
2023-12-01,-0.0745144,0.18657634033224854
2023-12-04,-0.004920000000000001,0.18143632410562507
2023-12-05,0.23333540000000003,0.1707000026657088
2023-12-06,0.056463,0.17924385390528244
2023-12-07,-0.11195569999999999,0.172456603042528
2023-12-09,-0.0185755,0.17170897556472361
2023-12-10,-0.0459668,0.16285928888282206
2023-12-12,0.027821600000000002,0.1570219812401148
2023-12-13,0.1896384,0.14962590657140307
2023-12-14,-0.4033939,0.15609747325869344
2023-12-15,0.037250500000000006,0.18521741537872444
2023-12-18,0.176505,0.17646127262919759
2023-12-19,-0.051019800000000004,0.17969287528898534
2023-12-20,-0.2466663,0.17303207387911226
2023-12-21,-0.0186733,0.18472627323908936
2023-12-22,-0.1496762,0.17490944866142133
2023-12-26,-0.1595982,0.1773788124299647
2023-12-27,0.14553960000000002,0.1805597756135511
2023-12-28,-0.1502426,0.18088908478237223
2023-12-29,-0.2405286,0.1829397188918253
2024-01-03,-0.22396970000000002,0.19321335553673438
2024-01-04,-0.0459474,0.20107102668110666
2024-01-07,-0.046035,0.192344368282688
2024-01-08,-0.4406714,0.18429298639699332
2024-01-10,0.6298036,0.21439412190023188
2024-01-11,-0.1385626,0.2555123594666783
2024-01-15,0.0560802,0.2505565243537046
2024-01-16,0.3164273,0.23820742979110576
2024-01-17,0.2957225,0.24824447170411088
2024-01-18,0.013812699999999999,0.2556539290089103
2024-01-19,-0.027629800000000003,0.23960784361132284
2024-01-22,0.1058189,0.22631985902516194
2024-01-23,0.0596968,0.21983283819704275
2024-01-24,0.0183518,0.21018661604257197
2024-01-26,-0.0642651,0.19804870064792401
2024-01-29,0.041324200000000005,0.19113640972594753
2024-01-30,-0.027545100000000003,0.18225202145124023
2024-01-31,0.0183653,0.17337854851582013
2024-02-01,0.1039209,0.16403143855261282
2024-02-02,-0.009179999999999999,0.16221130555626617
2024-02-04,0.233825,0.15326551836024363
2024-02-05,-0.013666399999999999,0.163286905568847
2024-02-07,0.0414337,0.15464332863984015
2024-02-08,-0.1957037,0.1484963602387278
2024-02-09,0.1757568,0.15735435736099843
2024-02-10,-0.05213620000000001,0.16202855753785345
2024-02-12,0.22441689999999997,0.15678867235990365
2024-02-13,-0.059189900000000004,0.16569690834399248
2024-02-14,0.15917399999999998,0.16079792878737362
2024-02-15,-0.0454188,0.16380151026891035
2024-02-16,0.00909,0.1578467018211976
2024-02-19,0.0227106,0.1489245637980553
2024-02-20,0.0907238,0.1417184872670118
2024-02-21,0.0,0.1404889357462145
2024-02-22,0.00453,0.13234423855894537
2024-02-23,-0.14068799999999998,0.12490757977546557
2024-02-26,-0.00455,0.1304287800561211
2024-02-27,0.0227248,0.12338747994108513
2024-02-28,-0.1638849,0.1180100537435662
2024-02-29,0.01824,0.12627341697174604
2024-03-01,0.291537,0.12033931837238411
2024-03-04,0.00914,0.1384885031245078
2024-03-05,-0.242151,0.13097308891493373
2024-03-07,0.0092,0.1458382549591514
2024-03-09,0.4586256,0.13779869798005778
2024-03-10,0.5443332000000001,0.17058857999490112
2024-03-12,0.077787,0.20822378612072967
2024-03-13,0.018545700000000002,0.20091379846631022
2024-03-14,0.032436,0.18950201147612647
2024-03-15,0.1341201,0.18004359739620035
2024-03-18,0.1291035,0.17947134857783545
2024-03-19,0.1057629,0.178531179553358
2024-03-20,0.1100874,0.175757321767879
2024-03-21,-0.34957170000000004,0.17354758702201145
2024-03-22,0.35415260000000004,0.19533754116210292
2024-03-25,-0.1100758,0.21243009371138133
2024-03-26,-0.05974109999999999,0.2084070366715023
2024-03-27,0.0689247,0.2003037554627613
2024-03-29,-0.009179999999999999,0.19290081989056646
2024-04-01,0.051520500000000004,0.18166007450449104
2024-04-03,-0.0917492,0.17429852343295874
2024-04-04,-0.0915268,0.17161150912393264
2024-04-06,-0.0924228,0.16910942059757617
2024-04-07,-0.0736717,0.16687695529657698
2024-04-09,-0.31353549999999997,0.16315753685830414
2024-04-10,0.185069,0.18228347291635005
2024-04-11,-0.17880400000000002,0.18577314786930907
2024-04-12,-0.0340147,0.19004722913024136
2024-04-15,0.0818909,0.18113801350091377
2024-04-16,0.1406733,0.1762373983373393
2024-04-17,0.00453,0.17650055487105887
2024-04-18,-0.1588414,0.16584415634757904
2024-04-19,0.0499842,0.16986605733568702
2024-04-22,0.0227011,0.1632689673902818
2024-04-23,-0.045414,0.15501102769452824
2024-04-24,-0.0318181,0.1497064656822305
2024-04-25,0.07269289999999999,0.14361449855365446
2024-04-26,-0.0545083,0.14077873271609886
2024-04-29,-0.036376900000000004,0.13731025641413946
2024-04-30,-0.054622500000000004,0.13251164971214446
2024-05-01,0.1075276,0.1296527070748215
2024-05-02,0.2426616,0.130699774141617
2024-05-03,-0.0183731,0.14339628916422092
2024-05-04,0.0549392,0.1366070251114633
2024-05-06,0.0508569,0.13285116608150382
2024-05-07,-0.0414953,0.12903867575339562
2024-05-08,-1.2767861999999999,0.12527901319089418
2024-05-09,-0.1450902,0.29549688379862893
2024-05-11,0.0646531,0.2878383871500515
2024-05-12,-0.3367208,0.2731651590042024
2024-05-13,0.0659285,0.28474713397475887
2024-05-14,-0.1696017,0.27042470684156794
2024-05-15,-0.23948429999999998,0.266995397417588
2024-05-16,-0.1851215,0.2701298997801944
2024-05-17,0.0278186,0.26810597926962204
2024-05-20,0.00927,0.25215217385367894
2024-05-21,0.050943600000000006,0.2360326455341758
2024-05-23,0.2216029,0.22442911105139488
2024-05-24,0.032222799999999996,0.2275762281889801
2024-05-27,-0.12442,0.2151707029378424
2024-05-28,-0.12940569999999998,0.21219967873569523
2024-05-29,0.0970904,0.2099065922173477
2024-05-30,0.0646066,0.20400824941092402
2024-05-31,-0.046137700000000004,0.19597717304666307
2024-06-02,0.0547545,0.18765721993584256
2024-06-03,0.0413286,0.18009736703122925
2024-06-05,0.0183227,0.17204848868568784
2024-06-06,-0.0323566,0.16279713880011037
2024-06-08,0.587224,0.15578923155458624
2024-06-09,-0.00501,0.19969200770180864
2024-06-11,0.3218295,0.18758227064323518
2024-06-12,-0.1275606,0.20247161365351699
2024-06-13,-0.0921482,0.200782440377987
2024-06-14,0.046098599999999997,0.19609242613920805
2024-06-18,0.013819999999999999,0.1872062786375439
2024-06-19,-0.0599186,0.1764677222254974
2024-06-20,0.027665,0.17082279886979398
2024-06-21,0.036859300000000005,0.1623938604734841
2024-06-24,-0.023033400000000002,0.15531386782096573
2024-06-25,-0.0414909,0.1480566401194419
2024-06-26,0.0184453,0.1429218963005032
2024-06-27,0.082907,0.13581578837822242
2024-06-28,0.0046,0.13438128532578264
2024-07-02,0.0410206,0.12680525001288848
2024-07-03,-0.1793753,0.12263822445245282
2024-07-05,0.00916,0.13202530341136529
2024-07-06,-0.00462,0.12497240830095693
2024-07-08,0.37266259999999996,0.11832216402068349
2024-07-10,0.40338029999999997,0.14461626910967446
2024-07-11,0.103468,0.17113467389270243
2024-07-15,0.0093,0.16873867079985272
2024-07-16,0.0510907,0.15903008606788052
2024-07-17,-0.0371509,0.1533265312673371
2024-07-18,-0.0790514,0.1474300313670013
2024-07-19,0.1115602,0.14563857928248441
2024-07-22,0.0556728,0.1458305302583937
2024-07-23,-0.11141709999999999,0.14146302546739528
2024-07-24,0.0185894,0.14302449479518636
2024-07-25,-0.0390469,0.13592228625640104
2024-07-26,-0.0632933,0.1314555345138535
2024-07-29,-0.2100864,0.12943800076689543
2024-07-30,-0.09838920000000001,0.14125742402999178
2024-07-31,-0.2210155,0.14165507214488116
2024-08-01,-0.00467,0.1535164126107239
2024-08-02,-0.0182266,0.14482509006786073
2024-08-03,-0.1754914,0.1379199958199325
2024-08-04,0.064008,0.14570784006327978
2024-08-05,0.0366146,0.14201810379849886
2024-08-08,-0.43102899999999994,0.13640965267916327
2024-08-10,0.1522062,0.17078728733255022
2024-08-11,-0.3061902,0.17243073629371755
2024-08-13,0.0683237,0.18998075031129394
2024-08-14,-0.2150945,0.18332145083161389
2024-08-15,0.07833949999999999,0.19116395654873708
2024-08-16,-0.00978,0.18521329576955559
2024-08-19,-0.6556814999999999,0.17460445857738432
2024-08-20,0.0297938,0.22980128521023932
2024-08-21,0.024812599999999997,0.21703254732725166
2024-08-22,0.0545378,0.20486901432306565
2024-08-23,-0.024781400000000002,0.19597513576141432
2024-08-26,-0.328447,0.18582601661315565
2024-08-27,0.0798519,0.20436724678317678
2024-08-28,-0.11483330000000001,0.19752060824078196
2024-08-29,-0.1803509,0.1950874252968106
2024-08-30,-0.1005195,0.19875486366692305
2024-09-01,-0.0607503,0.19495898106003823
2024-09-02,0.0728606,0.18797915960659664
2024-09-04,-0.0228492,0.18183434753625188
2024-09-05,-0.041193600000000004,0.17259119102329495
2024-09-07,0.0322776,0.16561537339823393
2024-09-08,0.0194642,0.15793575561562234
2024-09-09,0.15010189999999998,0.14981694396259712
2024-09-10,-0.0354671,0.1529070732260754
2024-09-12,0.0294703,0.1468958641267837
2024-09-13,-0.1606455,0.14036909385208493
2024-09-17,-0.36871180000000003,0.14656140148219865
2024-09-18,-0.3872196,0.17299358927220534
2024-09-19,0.1022351,0.19868507414636075
2024-09-20,-0.7363282,0.19407306828020382
2024-09-23,0.3207813,0.2559276100776027
2024-09-24,-0.4091529,0.2648144037644971
2024-09-25,-0.528772,0.28402916265695394
2024-09-26,0.1367361,0.31312226202021765
2024-09-27,-0.1367361,0.30206638549581366
2024-09-30,-0.15830919999999998,0.29313419348134234
2024-10-01,0.0514096,0.28683139235388605
2024-10-05,-0.0247349,0.2712046741891969
2024-10-06,0.19379939999999998,0.25515999776961135
2024-10-07,-0.055347600000000004,0.25348660699709197
2024-10-09,0.1246899,0.24146319146191764
2024-10-10,0.0810251,0.23528721194587196
2024-10-12,0.0539771,0.22611527479198532
2024-10-14,0.0657984,0.21552802887395656
2024-10-15,0.1161689,0.20669909433256126
2024-10-16,-0.10605490000000001,0.20258784001108793
2024-10-17,0.1262265,0.19898161140152842
2024-10-18,-0.00504,0.19628986270506968
2024-10-21,-0.06055,0.18444168955386173
2024-10-22,0.22160499999999997,0.17824747211415579
2024-10-23,0.1804759,0.18516369216809123
2024-10-24,0.11990189999999999,0.18803873480118316
2024-10-25,-0.024952299999999997,0.18568319704097486
2024-10-28,0.09474250000000001,0.17632939711799814
2024-10-29,0.10944430000000001,0.17283031109530048
2024-10-30,0.24277550000000003,0.17079187928691641
2024-11-01,-0.065441,0.18014796457598042
2024-11-03,-0.0741038,0.17470547947775228
2024-11-06,0.0644081,0.17043297221533588
2024-11-07,-0.1572025,0.1649413725190784
2024-11-09,-0.22970669999999999,0.16888346059404197
2024-11-10,-0.050623,0.17930327149927297
2024-11-11,0.2076549,0.17263754675996346
2024-11-12,-0.0196203,0.17881390747580744
2024-11-13,0.2689744,0.16952229286495657
2024-11-14,0.3205857,0.18128055482312358
2024-11-15,-0.07750069999999999,0.19661179731549489
2024-11-18,-0.1067898,0.19096208258596892
2024-11-19,-0.0340337,0.18832583257660868
2024-11-20,0.0437527,0.17954884976319083
2024-11-21,-0.0291636,0.1717324759897511
2024-11-22,0.0145842,0.16378629179081317
2024-11-25,-0.1363105,0.1548555786570063
2024-11-26,0.11686369999999999,0.157666124115961
2024-11-27,-0.1363716,0.15738909893890257
2024-11-28,-0.0732327,0.1600094960854148
2024-11-29,-0.043999,0.15676664782185576
2024-12-01,0.0140314,0.1512098511060201
2024-12-03,-0.018545700000000002,0.14315776804573974
2024-12-04,0.16424650000000002,0.13640051200874762
2024-12-06,-0.0505983,0.14172854214083264
2024-12-07,-0.153125,0.13784855680403638
2024-12-08,-0.17060809999999998,0.1435332478529415
2024-12-09,-0.0350621,0.15041252902491942
2024-12-11,0.23611040000000003,0.14454898031129074
2024-12-12,0.07842790000000001,0.155494494789326
2024-12-13,0.1857006,0.15224470690162428
2024-12-16,0.07113749999999999,0.1581704423921617
2024-12-17,-0.1199292,0.1541340470095411
2024-12-18,0.1899783,0.15550747903607506
2024-12-19,0.33409289999999997,0.16154126590403733
2024-12-20,0.10117240000000001,0.17986073028355098
2024-12-23,-0.22676100000000002,0.1766127027486498
2024-12-24,0.0,0.18610888069489068
2024-12-26,-0.1987843,0.17460577626333296
2024-12-27,0.0825332,0.18163361960844554
2024-12-30,-0.077674,0.17674685197194978
2024-12-31,0.009720000000000001,0.17263277905853233
2025-01-07,-0.25305300000000003,0.16266764186892738
2025-01-08,0.2392533,0.17586132756267162
2025-01-10,-0.020612000000000002,0.18449315904482944
2025-01-13,0.1495489,0.17485900485154124
2025-01-14,-0.0722981,0.17596452718267536
2025-01-15,0.0433933,0.17143838681463666
2025-01-16,-0.0820015,0.1642019834754434
2025-01-17,0.0386082,0.16141804272591787
2025-01-20,-0.00965,0.15454830459095822
2025-01-21,-0.2516254,0.14620458747499296
2025-01-22,-0.26773830000000004,0.16067986784506108
2025-01-23,-0.0293079,0.17547994730747843
2025-01-24,-0.2843342,0.16726599935974662
2025-01-27,-0.420089,0.18311880867400454
2025-01-28,0.3018867,0.21119687779165955
2025-01-31,0.16735840000000002,0.2222919240098226
2025-02-01,0.0728071,0.22111665215700396
2025-02-04,0.1418225,0.21240701376446755
2025-02-05,-0.21680739999999998,0.20993008626005374
2025-02-07,0.2479033,0.21574178801033855
2025-02-09,0.133645,0.22182072115125195
2025-02-10,-0.0773822,0.2179328455085386
2025-02-13,-0.043792,0.2106165896846074
2025-02-14,-0.1756107,0.2009693864865702
2025-02-17,-0.127273,0.20373046643855053
2025-02-18,0.16147519999999999,0.2019165224752098
2025-02-19,-0.039090400000000004,0.2018825389433788
2025-02-20,-0.1419984,0.19250488606393795
2025-02-21,-0.0982012,0.19289441624133472
2025-02-24,-0.1871962,0.18934880001563467
2025-02-25,0.1478535,0.19410767611545668
2025-02-26,0.08847110000000001,0.19356771989651403
2025-02-27,0.23016170000000002,0.18824401856395995
2025-02-28,0.1900635,0.19507699665248238
2025-03-01,0.1694102,0.1979641205019988
2025-03-02,0.7307427,0.1989000938592509
2025-03-03,-0.0194555,0.25214523993900295
2025-03-04,0.1705506,0.23717425149154428
2025-03-06,0.1125513,0.23506191132381238
2025-03-07,0.0771805,0.22842182116364346
2025-03-09,-0.00513,0.21948615708578212
2025-03-10,0.0928421,0.20586531796057078
2025-03-11,0.0569431,0.1999410479633798
2025-03-13,-0.049011900000000004,0.19161615336200558
2025-03-14,0.16641530000000002,0.1838768992070141
2025-03-17,0.00488,0.1856788519312235
2025-03-19,-0.1467874,0.17436137024168996
2025-03-20,-0.0441331,0.17661054519451233
2025-03-21,-0.029447,0.16958676380793475
2025-03-24,0.10297730000000001,0.16182483233204237
2025-03-25,0.058734800000000004,0.16009451027838428
2025-03-26,-0.1469861,0.15492137204881723
2025-03-27,0.0735552,0.1587069182555203
2025-03-28,0.0098,0.15482512250166156
2025-04-02,-0.3687062,0.1461793329434164
2025-04-03,0.0437625,0.17265061065572002
2025-04-04,-0.45957519999999996,0.16535274736019032
2025-04-06,0.0,0.19950416076997352
2025-04-07,0.051377599999999995,0.18698615904547797
2025-04-08,-0.4285332,0.17921001666189512
2025-04-09,-0.0154014,0.20856668306450915
2025-04-11,0.07236519999999999,0.1966566463571693
2025-04-14,-0.1470359,0.18980788010893265
2025-04-15,-0.1130656,0.19086469027242414
2025-04-16,0.0442781,0.1887932030370188
2025-04-17,-0.0393561,0.18031941323930428
2025-04-18,-0.0295405,0.17260471404403122
2025-04-21,-0.22714710000000002,0.16462572933518757
2025-04-22,-0.079287,0.17515628259150814
2025-04-23,0.29658290000000004,0.1713047095356144
2025-04-24,-0.1727604,0.18536104078078883
2025-04-25,-0.1635203,0.18911309518781286
2025-04-28,0.0,0.19172114319809672
2025-04-29,-0.39898720000000004,0.17979426356811548
2025-04-30,-0.1656561,0.20602462964144475
2025-05-02,-0.26389080000000004,0.20747561448431878
2025-05-03,-0.19972079999999998,0.21788956396323886
2025-05-05,-0.9814982,0.2214778645196185
2025-05-06,-0.07670790000000001,0.30870848812721874
2025-05-08,-0.0512987,0.2940407207213379
2025-05-11,-0.1034158,0.278404145321956
2025-05-13,0.0904153,0.26851650989815357
2025-05-14,-0.1306603,0.2574346620088732
2025-05-15,-0.2878307,0.2516274761571098
2025-05-16,-0.1878637,0.26051487695731523
2025-05-19,0.4404493,0.25953043180037294
2025-05-20,-0.2627197,0.2785048502964113
2025-05-21,-0.1421255,0.2827818674146475
2025-05-22,-0.12219310000000001,0.2759119406677814
2025-05-23,-0.056120300000000005,0.26786074301190477
2025-05-26,-0.4825544,0.25475328792129165
2025-05-27,0.0361203,0.2821051604573639
2025-05-28,0.41068340000000003,0.2656703164247019
2025-05-29,-0.0920658,0.2814697489454925
2025-05-30,-0.0204856,0.2703506308131959
2025-06-01,0.1735637,0.2540152949938179
2025-06-02,-0.024515600000000002,0.25078178881666663
2025-06-03,-0.19573870000000002,0.23634714927704858
2025-06-05,0.3296369,0.23806061678233292
2025-06-06,-0.1486872,0.24924891652067419
2025-06-08,-0.0308083,0.24569610147582363
2025-06-10,-0.00515,0.23219783690465332
2025-06-11,-0.1244249,0.2175897276661261
2025-06-13,0.18461,0.21442746699096837
2025-06-16,0.025578299999999998,0.21530670639722777
2025-06-17,-0.066535,0.20333635122499097
2025-06-18,0.0869868,0.1962133736479885
2025-06-19,0.11741150000000002,0.19056687968459704
2025-06-20,-0.056113699999999996,0.18781276017763449
2025-06-23,0.2747742,0.18097721158130228
2025-06-24,-0.2747742,0.19227660030895713
2025-06-25,-0.1585298,0.2050241871819789
2025-06-26,-0.13854740000000001,0.20591098865455626
2025-06-30,-0.0823112,0.2049313673441692
2025-07-01,-0.0288792,0.19905787359485713
2025-07-02,0.1322203,0.1890230563625358
2025-07-03,0.0196136,0.1875973794309052
2025-07-04,0.48388499999999995,0.1772805093218767
2025-07-05,0.035902699999999996,0.20820295014582818
2025-07-07,0.0513169,0.19758722919551108
2025-07-08,0.0205413,0.1889982666605675
2025-07-10,0.0,0.17864784502974895
2025-07-11,-0.067546,0.16770477786635954
2025-07-14,-0.0102055,0.16338568587919508
2025-07-15,-0.010207899999999999,0.1544404594398921
2025-07-16,-0.020423,0.14615207256054938
2025-07-17,-0.0510995,0.13933900818899925
2025-07-18,-0.0204566,0.13567662081153334
2025-07-21,-0.0563055,0.12962111703455984
2025-07-22,-0.0768981,0.12711877282768677
2025-07-23,-0.0667553,0.1266269868097127
2025-07-24,-0.0874505,0.12526571394515043
2025-07-25,0.0205924,0.1258579928838193
2025-07-28,0.015437900000000001,0.12013835400055252
2025-07-29,0.22579459999999998,0.11441491625146721
2025-07-30,-0.07684360000000001,0.1269615319313171
2025-07-31,0.1944071,0.12647629482397818
2025-08-01,-0.1012286,0.1352086115460896
2025-08-04,0.1552613,0.13631376252970698
2025-08-05,0.3217957,0.14088015894284076
2025-08-07,0.0461334,0.15996138192977694
2025-08-08,0.0615657,0.15379511051877923
2025-08-09,-0.0719456,0.1493145878027649
2025-08-10,0.056645999999999995,0.14675409103461154
2025-08-13,-0.113004,0.14239697380174374
2025-08-14,-0.25275240000000004,0.14403229797157593
2025-08-15,0.2115871,0.1588086122732322
2025-08-18,0.0565923,0.16643852289828273
2025-08-19,0.025699400000000004,0.1606225093998054
2025-08-20,0.0,0.1527948932131017
2025-08-21,-0.0359834,0.14376063318564805
2025-08-22,0.0822041,0.13846138570077696
2025-08-25,-0.3142409,0.13677579586018432
2025-08-26,0.1548289,0.15846640049834743
2025-08-27,0.12860370000000002,0.16128593408775385
2025-08-28,0.0,0.16170255999993666
2025-08-29,-0.09770410000000002,0.15201645865325453
2025-09-01,0.0,0.1515465558576609
2025-09-04,0.1788317,0.14260312709031392
2025-09-05,0.5210281,0.14869947623647672
2025-09-06,0.1077209,0.18658739346391995
2025-09-07,0.1585298,0.1833538032118386
2025-09-09,-0.1184557,0.18454092731153207
2025-09-10,-0.0514933,0.18344121186635845
2025-09-17,-0.19642010000000001,0.17653778292062947
2025-09-18,0.0414255,0.18318800643123273
2025-09-19,0.1085543,0.17491374697301754
2025-09-22,0.0412827,0.17264363442106392
2025-09-23,-0.1291391,0.1651504309711103
2025-09-24,0.0310284,0.16651300980966574
2025-09-25,0.12389250000000002,0.15866855558925477
2025-09-26,0.0772537,0.15889529580806916
2025-09-29,-0.0875646,0.15529746778531248
2025-09-30,0.0360774,0.15367593476983551
