Date,LogReturn
03/01/2006,-0.000172373
04/01/2006,-0.00042548
05/01/2006,-0.001025163
06/01/2006,-0.001201017
09/01/2006,-0.000810251
11/01/2006,0.000208495
12/01/2006,-0.000985439
01/13/2006,0.000058
01/16/2006,-0.000685236
01/17/2006,0.001462077
01/18/2006,0.000694501
01/19/2006,-0.0000578
01/20/2006,-0.000752526
01/23/2006,0.000231686
01/24/2006,-0.000173753
01/25/2006,0.000173753
01/26/2006,-0.000231686
01/27/2006,0.000347482
03/02/2006,0.000173637
06/02/2006,-0.001344602
07/02/2006,-0.000708749
08/02/2006,0.0000233
09/02/2006,-0.000581774
10/02/2006,-0.000524264
02/13/2006,-0.000291532
02/14/2006,0
02/15/2006,-0.000116667
02/16/2006,0.000233304
02/17/2006,-0.000116636
02/20/2006,-0.000408473
02/21/2006,0.000151763
02/22/2006,-0.000151763
02/23/2006,0
02/24/2006,-0.000490675
02/27/2006,-0.000210459
02/28/2006,0
01/03/2006,-0.000233963
02/03/2006,-0.000257505
03/03/2006,-0.000445142
06/03/2006,0.0000938
07/03/2006,0.00035139
08/03/2006,0.000923969
09/03/2006,0.000910349
10/03/2006,-0.000116605
03/13/2006,-0.000641886
03/14/2006,0.0000584
03/15/2006,-0.001345019
03/16/2006,-0.000468811
03/17/2006,0.0000586
03/20/2006,-0.0000821
03/21/2006,-0.000504564
03/22/2006,-0.000822639
03/23/2006,-0.000235326
03/24/2006,0.000764344
03/27/2006,-0.000470207
03/28/2006,0.000235167
03/29/2006,0.000176292
03/30/2006,-0.000176292
03/31/2006,-0.00100034
03/04/2006,-0.000495137
04/04/2006,-0.0000944
05/04/2006,-0.000968538
06/04/2006,-0.000236557
07/04/2006,-0.000118327
10/04/2006,-0.000213069
12/04/2006,-0.0000829
04/13/2006,0.001206243
04/14/2006,-0.000531753
04/17/2006,-0.0002957
04/18/2006,0
04/19/2006,-0.000295901
04/20/2006,-0.000414601
04/21/2006,-0.000296386
04/24/2006,-0.001151897
04/25/2006,-0.001071509
04/26/2006,0.0000238
04/27/2006,-0.001372934
04/28/2006,-0.00077793
02/05/2006,-0.001283636
03/05/2006,-0.000697392
04/05/2006,0.000601266
05/05/2006,-0.000902212
08/05/2006,-0.001230024
09/05/2006,0
10/05/2006,-0.001487912
11/05/2006,-0.000181802
05/15/2006,0.00241779
05/16/2006,0.00168448
05/17/2006,-0.003678184
05/18/2006,0.003498016
05/19/2006,-0.00024034
05/22/2006,0.002516961
05/23/2006,-0.000538122
05/24/2006,0.00155276
05/25/2006,0.000893304
05/26/2006,-0.000535762
05/29/2006,-0.001252687
05/30/2006,-0.001615926
05/31/2006,0.000898479
01/06/2006,0.000956333
02/06/2006,0.000119394
05/06/2006,-0.000418022
06/06/2006,0.001074101
07/06/2006,0.001225998
08/06/2006,0.001566139
09/06/2006,0.000177613
12/06/2006,0.000591521
06/13/2006,0.001475287
06/14/2006,0.000529879
06/15/2006,-0.003426171
06/16/2006,-0.002140265
06/19/2006,0.002436691
06/20/2006,0.000888068
06/21/2006,-0.001421781
06/22/2006,-0.0000593
06/23/2006,0.002072161
06/26/2006,0.002121101
06/27/2006,-0.001530866
06/28/2006,0.000353756
06/29/2006,0.000353468
06/30/2006,-0.001474686
03/07/2006,-0.00147971
04/07/2006,-0.001425281
05/07/2006,-0.000833579
06/07/2006,0.002436691
07/07/2006,-0.000949278
10/07/2006,-0.002203185
11/07/2006,0.001549351
12/07/2006,0.000178416
07/13/2006,0.00112827
07/14/2006,0.001598305
07/17/2006,0.001062278
07/18/2006,0.000412407
07/19/2006,-0.000117791
07/20/2006,-0.000530454
07/21/2006,0.000235837
07/24/2006,0.000412407
07/25/2006,0.000470844
07/26/2006,-0.00041196
07/27/2006,-0.001829108
07/28/2006,0.0000591
07/31/2006,-0.002311817
01/08/2006,0.001364867
02/08/2006,0.000532913
03/08/2006,0.001181915
04/08/2006,0
07/08/2006,-0.002485748
08/08/2006,0.00094863
09/08/2006,0.001300992
10/08/2006,-0.001597216
11/08/2006,0.001360962
08/14/2006,0.001062134
08/15/2006,-0.000353756
08/16/2006,0
08/17/2006,-0.000472123
08/18/2006,-0.000177179
08/21/2006,-0.000768611
08/22/2006,0.000709535
08/23/2006,-0.000177275
08/24/2006,0.000590636
08/25/2006,-0.000472444
08/28/2006,0.000944375
08/29/2006,-0.000412912
08/30/2006,-0.000295177
01/09/2006,0.000236158
04/09/2006,-0.002426728
05/09/2006,-0.0000831
06/09/2006,-0.001224655
07/09/2006,-0.000119083
08/09/2006,0.000951748
11/09/2006,0.001696071
12/09/2006,0.00079239
09/13/2006,-0.000378274
09/14/2006,-0.0000946
09/15/2006,0.000354719
09/18/2006,0.00035443
09/19/2006,0.001061557
09/20/2006,0
09/21/2006,-0.001770706
09/22/2006,0.00053197
09/25/2006,0.000236222
09/26/2006,0.000118063
09/27/2006,0.000530886
09/28/2006,0.000235741
09/29/2006,-0.000117855
02/10/2006,0.000530094
03/10/2006,-0.000294417
04/10/2006,0.00023555
05/10/2006,0.000176578
06/10/2006,-0.000117711
09/10/2006,0.000529448
10/10/2006,-0.000117599
11/10/2006,0.000528947
12/10/2006,-0.000352559
10/13/2006,-0.001531074
10/16/2006,0.000589513
10/17/2006,-0.000884571
10/18/2006,-0.000768088
10/19/2006,0.0000591
10/20/2006,0.000413698
10/26/2006,-0.000650274
10/27/2006,-0.001897262
10/30/2006,-0.001726583
10/31/2006,0.000953446
01/11/2006,-0.000238165
02/11/2006,0.001545745
03/11/2006,-0.001248059
06/11/2006,0.001069984
07/11/2006,-0.000653566
08/11/2006,-0.000892814
09/11/2006,0.000393064
10/11/2006,-0.000869984
11/13/2006,-0.000776112
11/14/2006,0.000537456
11/15/2006,0.000834723
11/16/2006,0.001070864
11/17/2006,0.000356369
11/20/2006,-0.001189034
11/21/2006,0.00011905
11/22/2006,-0.000238133
11/23/2006,-0.001073216
11/24/2006,-0.000298587
11/27/2006,-0.000418367
11/28/2006,0.001015335
11/29/2006,-0.000895761
11/30/2006,-0.00173706
01/12/2006,-0.002528125
04/12/2006,-0.001148528
05/12/2006,-0.001030211
06/12/2006,-0.00243371
07/12/2006,-0.001773007
08/12/2006,0.001467832
11/12/2006,-0.000183208
12/12/2006,-0.001407168
12/13/2006,0.000122544
12/14/2006,0.001101339
12/15/2006,-0.000574795
12/18/2006,0.000635899
12/19/2006,0.000976492
12/20/2006,-0.000793232
12/21/2006,-0.001039495
12/22/2006,-0.000833391
12/26/2006,-0.000208598
12/27/2006,-0.0000614
12/28/2006,-0.000946216
12/29/2006,0.000147598
03/01/2007,-0.002281061
04/01/2007,0.000432472
05/01/2007,-0.000185292
08/01/2007,0.000617334
09/01/2007,-0.00166882
10/01/2007,0.001175023
11/01/2007,-0.000123537
12/01/2007,0.000432226
01/15/2007,-0.001446557
01/16/2007,-0.000284934
01/17/2007,-0.00024792
01/18/2007,-0.000062
01/19/2007,0
01/22/2007,0.000309923
01/23/2007,-0.000123942
01/24/2007,-0.000247991
01/25/2007,-0.000148863
01/26/2007,0.000496011
01/29/2007,0
01/30/2007,-0.000223135
01/31/2007,-0.000124013
02/02/2007,-0.000124049
05/02/2007,0
06/02/2007,-0.000558658
07/02/2007,-0.000310676
08/02/2007,0.000248559
09/02/2007,-0.000248559
12/02/2007,0.000186432
02/13/2007,0.000248452
02/14/2007,0.00024831
02/15/2007,-0.00031041
02/16/2007,-0.000497118
02/21/2007,0.000310765
02/22/2007,-0.0000621
02/23/2007,0.0000994
02/26/2007,-0.000497289
02/27/2007,0.0000871
02/28/2007,0.001737677
01/03/2007,-0.000123889
02/03/2007,0.001113735
05/03/2007,0.000160637
06/03/2007,0.0000865
07/03/2007,-0.00074175
08/03/2007,0.000185556
09/03/2007,-0.00061883
12/03/2007,-0.000743761
03/13/2007,0.000223262
03/14/2007,0.001880762
03/15/2007,-0.001050738
03/16/2007,0.000470056
03/19/2007,-0.001089327
03/20/2007,-0.000930565
03/21/2007,-0.001867133
03/22/2007,-0.002188516
03/23/2007,0.000689008
03/26/2007,-0.001969707
03/27/2007,-0.000226398
03/28/2007,0.001068067
03/29/2007,0
03/30/2007,-0.00056512
02/04/2007,-0.000251401
03/04/2007,0.001130158
04/04/2007,-0.000753112
05/04/2007,-0.000377046
06/04/2007,-0.000591365
09/04/2007,-0.000352686
10/04/2007,0.000314912
11/04/2007,-0.000125937
12/04/2007,0.000440621
04/13/2007,-0.001234866
04/16/2007,-0.000530305
04/17/2007,-0.00029068
04/18/2007,-0.000531309
04/19/2007,-0.000760142
04/20/2007,-0.00012682
04/23/2007,-0.000126857
04/24/2007,0.000126857
04/25/2007,-0.000444161
04/27/2007,0.000101563
04/30/2007,0.000215742
03/05/2007,-0.0000888
04/05/2007,-0.000291971
07/05/2007,-0.000127005
08/05/2007,-0.000635584
09/05/2007,-0.000636516
10/05/2007,-0.000930991
11/05/2007,0.000778089
05/14/2007,-0.000803623
05/15/2007,0.0000766
05/16/2007,-0.000102136
05/17/2007,-0.0000766
05/18/2007,0.000102154
05/21/2007,-0.001214632
05/22/2007,0
05/23/2007,-0.000512442
05/24/2007,-0.000320584
05/25/2007,0.000640931
05/28/2007,-0.000320347
05/29/2007,-0.000153851
05/30/2007,0.001561613
05/31/2007,0.000702174
01/06/2007,-0.000829964
04/06/2007,-0.000383596
05/06/2007,0.000575267
06/06/2007,0.00216638
07/06/2007,0.002282096
08/06/2007,0.002333058
11/06/2007,0.000628411
12/06/2007,0.000188346
06/13/2007,0.001253557
06/14/2007,-0.0007517
06/15/2007,-0.00056463
06/18/2007,-0.002808939
06/19/2007,-0.000404571
06/20/2007,-0.000189773
06/21/2007,0.001956996
06/22/2007,0.000591673
06/25/2007,0.001042905
06/26/2007,0.000564385
06/27/2007,0.002935488
06/28/2007,-0.002309253
06/29/2007,-0.001944278
02/07/2007,-0.001132943
03/07/2007,-0.000693812
04/07/2007,0.001386517
05/07/2007,0.000565938
06/07/2007,-0.00050302
09/07/2007,-0.001512564
10/07/2007,-0.000758262
11/07/2007,0.002082043
12/07/2007,0.000440365
07/13/2007,-0.000944187
07/16/2007,-0.000189084
07/17/2007,0.000126065
07/18/2007,0.000629777
07/19/2007,-0.000970237
07/20/2007,-0.001934331
07/23/2007,-0.00126894
07/24/2007,-0.001974214
07/25/2007,0.001847116
07/26/2007,0.00158606
07/27/2007,0.004285006
07/30/2007,0.000751808
07/31/2007,-0.001881967
01/08/2007,0.002194836
02/08/2007,0.000375146
03/08/2007,-0.001314433
06/08/2007,0.001164413
07/08/2007,-0.001101731
08/08/2007,-0.000188074
09/08/2007,-0.001130158
10/08/2007,0.0028199
08/13/2007,-0.000187425
08/14/2007,0.000124959
08/15/2007,0.001994467
08/16/2007,0.00198535
08/17/2007,0.001322656
08/20/2007,-0.002214941
08/21/2007,-0.000657994
08/22/2007,0.000372572
08/23/2007,-0.003777744
08/24/2007,0.002659069
08/27/2007,-0.001396166
08/28/2007,0.002266496
08/29/2007,0.000955353
08/30/2007,-0.0000868
03/09/2007,-0.000769234
04/09/2007,0.000855997
05/09/2007,0.000346881
06/09/2007,0.000247602
07/09/2007,-0.000867226
10/09/2007,0.001670961
11/09/2007,0.00022231
12/09/2007,-0.00152139
09/13/2007,-0.001862595
09/14/2007,-0.001271143
09/17/2007,0.000623574
09/18/2007,0.000834188
09/19/2007,-0.004538855
09/20/2007,-0.001157918
09/21/2007,-0.000163868
09/24/2007,-0.001578818
09/25/2007,0.000417366
09/26/2007,-0.001202594
09/27/2007,-0.000888258
09/28/2007,-0.000254122
01/10/2007,-0.0028052
02/10/2007,0.000447496
03/10/2007,0.001276024
04/10/2007,0.001653246
05/10/2007,-0.00203566
08/10/2007,-0.002199029
09/10/2007,0.00168862
10/10/2007,-0.001919395
11/10/2007,-0.001155722
12/10/2007,-0.000707792
10/16/2007,0.001606952
10/17/2007,0.000256562
10/18/2007,-0.001799122
10/19/2007,-0.001354249
10/22/2007,0.001997649
10/23/2007,0.0000643
10/24/2007,-0.001029744
10/25/2007,-0.001096785
10/26/2007,-0.001553133
10/29/2007,-0.001064511
10/30/2007,0.000740242
10/31/2007,-0.000675258
01/11/2007,-0.001471017
02/11/2007,0.001756831
05/11/2007,0.000519181
06/11/2007,0.000583337
07/11/2007,-0.002663794
09/11/2007,-0.001305365
12/11/2007,0.00228182
11/13/2007,0.001687339
11/14/2007,-0.001427321
11/15/2007,0.00259165
11/16/2007,0.002768882
11/19/2007,-0.002123379
11/20/2007,0.001738081
11/21/2007,-0.001673584
11/22/2007,0.001994689
11/23/2007,-0.001028373
11/26/2007,-0.002452189
11/27/2007,0.001743768
11/28/2007,0.000837101
11/29/2007,-0.000514948
11/30/2007,-0.001677811
03/12/2007,0.00032316
04/12/2007,-0.001034959
05/12/2007,-0.001297177
06/12/2007,0
07/12/2007,-0.001496559
10/12/2007,-0.00091348
11/12/2007,-0.001242805
12/12/2007,0.001242805
12/13/2007,-0.001636009
12/14/2007,0.000524194
12/17/2007,0.001894916
12/18/2007,0.002470544
12/19/2007,-0.000259396
12/21/2007,0.000324221
12/24/2007,-0.001558475
12/26/2007,0.000325144
12/27/2007,-0.000195057
12/28/2007,-0.001890082
12/31/2007,-0.00235781
02/01/2008,0.00032824
03/01/2008,-0.00032824
04/01/2008,-0.003031506
07/01/2008,-0.000132286
08/01/2008,-0.00139144
09/01/2008,0.0000664
11/01/2008,-0.002128573
01/14/2008,0.000199997
01/15/2008,-0.000199997
01/16/2008,0.000199997
01/17/2008,0.00305515
01/18/2008,0.000132346
01/21/2008,-0.001325282
01/22/2008,0.003766442
01/24/2008,-0.004164817
01/25/2008,-0.003534936
01/28/2008,0.000133918
01/29/2008,-0.000938291
01/30/2008,0.000402373
01/31/2008,-0.000469471
04/02/2008,-0.000873224
05/02/2008,0.000336063
06/02/2008,-0.0000672
11/02/2008,0.000805617
12/02/2008,0.000871068
02/13/2008,-0.001206561
02/14/2008,0.000402559
02/15/2008,-0.001007099
02/18/2008,-0.001279021
02/19/2008,0
02/20/2008,-0.0000674
02/21/2008,0.0000674
02/22/2008,-0.000661181
02/25/2008,0.000054
02/26/2008,-0.000405251
02/27/2008,-0.001421366
02/28/2008,-0.000271265
02/29/2008,-0.001631155
03/03/2008,0.001495459
04/03/2008,-0.001291229
05/03/2008,-0.001226821
06/03/2008,-0.001778216
07/03/2008,0.000684791
10/03/2008,0.003815004
11/03/2008,0
12/03/2008,-0.002448652
03/13/2008,-0.00287432
03/14/2008,0.000823177
03/17/2008,0.002936972
03/18/2008,-0.001295283
03/19/2008,-0.001778776
03/21/2008,0.003618288
03/24/2008,0.000747203
03/25/2008,0.0000679
03/26/2008,-0.002654578
03/27/2008,0.002111371
03/28/2008,0.001627589
03/31/2008,-0.002784166
01/04/2008,-0.001023073
02/04/2008,0.001023073
03/04/2008,0.000272413
04/04/2008,0.000476312
07/04/2008,-0.000748725
08/04/2008,-0.0000681
09/04/2008,-0.000477209
10/04/2008,-0.004249759
11/04/2008,0
04/14/2008,0.001238091
04/15/2008,0.000137348
04/16/2008,0.0000687
04/17/2008,-0.001650789
04/18/2008,-0.00055166
04/21/2008,-0.000414206
04/22/2008,-0.000276357
04/23/2008,-0.001453765
04/24/2008,0.000485129
04/25/2008,0.002004068
04/28/2008,0.000826572
04/29/2008,-0.000275349
04/30/2008,0.00061929
02/05/2008,0.00054974
05/05/2008,0.000205973
06/05/2008,-0.002133115
07/05/2008,0.000551485
08/05/2008,0.007580456
09/05/2008,0.000135379
12/05/2008,0.001013996
05/13/2008,0.000337473
05/14/2008,0.004296657
05/15/2008,0.002929485
05/16/2008,-0.002528844
05/20/2008,0
05/21/2008,-0.003148289
05/22/2008,-0.002494596
05/23/2008,0.000675629
05/26/2008,0.00080937
05/27/2008,0.003489945
05/28/2008,-0.000802886
05/29/2008,-0.000469037
05/30/2008,0.000602954
02/06/2008,-0.002416856
03/06/2008,0
04/06/2008,0.001008658
05/06/2008,0.003611895
06/06/2008,-0.000199875
09/06/2008,0.000665892
10/06/2008,0.000797725
11/06/2008,0.000265583
12/06/2008,0.00030522
06/13/2008,0.0000265
06/16/2008,0
06/17/2008,-0.002460975
06/18/2008,-0.001737715
06/19/2008,0.00240422
06/20/2008,-0.000266479
06/23/2008,0.000732425
06/24/2008,0.000199538
06/25/2008,-0.000199538
06/26/2008,-0.000999068
06/27/2008,0.00106559
06/30/2008,0.00026599
01/07/2008,-0.0000665
02/07/2008,0.001062495
03/07/2008,-0.001062495
04/07/2008,0.000199416
07/07/2008,-0.000199416
08/07/2008,-0.000865195
09/07/2008,-0.00093368
10/07/2008,-0.00133732
11/07/2008,0.000535422
07/14/2008,-0.001406894
07/15/2008,-0.002895083
07/16/2008,0.001214244
07/17/2008,0.000673116
07/18/2008,0.001879194
07/21/2008,-0.000804373
07/22/2008,0.000670415
07/23/2008,0
07/24/2008,0.000267876
07/25/2008,0.001069856
07/28/2008,0.001706307
07/29/2008,-0.000705705
07/30/2008,0.00046616
07/31/2008,0.0000666
01/08/2008,-0.000199691
04/08/2008,0.000532305
05/08/2008,0.000465232
06/08/2008,0.000995252
07/08/2008,0.000992976
08/08/2008,0.001649932
11/08/2008,0.002561442
12/08/2008,0.002285938
08/13/2008,-0.002154988
08/14/2008,0.001763966
08/15/2008,0.001432027
08/18/2008,-0.00078052
08/19/2008,0.000195262
08/20/2008,-0.000716389
08/21/2008,0.001431598
08/22/2008,-0.00025994
08/25/2008,0.003496128
08/26/2008,0.002892094
08/27/2008,-0.00224774
08/28/2008,0.00045048
08/29/2008,0.0017332
02/09/2008,0.004271261
03/09/2008,0.002088415
04/09/2008,-0.001327829
05/09/2008,0.003657504
08/09/2008,-0.004989405
09/09/2008,0.004298103
10/09/2008,0.000754093
11/09/2008,0.00131652
12/09/2008,-0.001442111
09/15/2008,-0.001257914
09/16/2008,0.000629412
09/17/2008,-0.000692404
09/18/2008,0.001572052
09/19/2008,0.000313729
09/22/2008,-0.00561854
09/23/2008,-0.002038048
09/24/2008,0.002419119
09/25/2008,0.001014559
09/26/2008,0.00056965
09/29/2008,0.00107397
09/30/2008,0.002014415
03/10/2008,0.002317579
06/10/2008,0.000873707
07/10/2008,-0.0000623
08/10/2008,0.001990753
09/10/2008,0.000496266
10/10/2008,0.001114529
10/13/2008,-0.000148439
10/14/2008,-0.002456592
10/15/2008,0.002357604
10/16/2008,0.001852268
10/17/2008,0.0000616
10/20/2008,-0.000246478
10/21/2008,0.000308076
10/22/2008,0.001721198
10/23/2008,0.003908738
10/24/2008,0.000425392
10/28/2008,0.002120731
10/29/2008,-0.002363761
10/30/2008,-0.00249893
10/31/2008,0.001220786
03/11/2008,-0.005088848
04/11/2008,0.002521221
05/11/2008,-0.002582897
06/11/2008,0.002766804
07/11/2008,0.001224055
10/11/2008,-0.001776008
11/11/2008,0.004760442
12/11/2008,0.001393816
11/13/2008,0.000906606
11/14/2008,-0.000604194
11/17/2008,0.000604194
11/18/2008,0.000386243
11/19/2008,0.001180738
11/20/2008,0.001741143
11/21/2008,0.000538938
11/24/2008,0.000179498
11/25/2008,-0.0010781
11/26/2008,0.0000959
11/27/2008,-0.000215894
11/28/2008,-0.000300031
01/12/2008,0.001318588
02/12/2008,0.001374256
03/12/2008,0
04/12/2008,-0.000453621
05/12/2008,0.00015524
09/12/2008,-0.000956201
10/12/2008,-0.001438261
11/12/2008,-0.00361663
12/12/2008,-0.004624729
12/15/2008,0.002196801
12/16/2008,-0.001585463
12/17/2008,-0.002819308
12/18/2008,-0.005943396
12/19/2008,-0.001999345
12/22/2008,0.001562774
12/23/2008,0.000561225
12/24/2008,-0.001248153
12/26/2008,0.000624525
12/30/2008,0.000374284
12/31/2008,-0.002313242
02/01/2009,0.000939286
05/01/2009,0.000999671
06/01/2009,0.002365037
07/01/2009,-0.000124155
08/01/2009,0.003893935
09/01/2009,0.001658201
12/01/2009,0.003966187
01/13/2009,0.000303596
01/14/2009,-0.000485856
01/15/2009,0.002363431
01/16/2009,-0.001574191
01/19/2009,-0.001214811
01/20/2009,0.004297284
01/21/2009,0.000601849
01/22/2009,0.00012027
01/23/2009,0.00150057
01/28/2009,-0.001741143
01/29/2009,-0.001144545
01/30/2009,0.001024209
03/02/2009,0.00108183
04/02/2009,-0.000600684
05/02/2009,0.001080634
06/02/2009,-0.00168215
10/02/2009,-0.001809563
11/02/2009,0.002471185
12/02/2009,-0.000300612
02/13/2009,0.000661072
02/16/2009,0
02/17/2009,0.001977201
02/18/2009,0.002859955
02/19/2009,0.000296832
02/20/2009,0.001244483
02/23/2009,-0.000592166
02/24/2009,0.000710502
02/25/2009,-0.000236705
02/26/2009,0.000591521
02/27/2009,0.00224046
02/03/2009,0.003864064
03/03/2009,-0.001927734
04/03/2009,0.001110952
05/03/2009,0.000116777
06/03/2009,0.0000584
10/03/2009,-0.002165186
11/03/2009,-0.00105725
12/03/2009,-0.000352989
03/13/2009,0.000705692
03/16/2009,0.000117504
03/17/2009,-0.002828906
03/18/2009,-0.000769344
03/19/2009,-0.001245672
03/20/2009,-0.001308834
03/23/2009,0.000238263
03/24/2009,-0.002867824
03/25/2009,0.000958047
03/26/2009,-0.000179473
03/27/2009,-0.001738739
03/30/2009,0.00251592
03/31/2009,0.001371614
01/04/2009,0.0002381
02/04/2009,-0.002446736
03/04/2009,-0.004935218
06/04/2009,-0.004257823
07/04/2009,0.003652112
08/04/2009,0.005959641
09/04/2009,-0.00185737
10/04/2009,0
04/13/2009,-0.00006
04/14/2009,-0.002469129
04/15/2009,0.002649247
04/16/2009,-0.00361663
04/17/2009,0.001872352
04/20/2009,0.003242363
04/21/2009,0.002148205
04/22/2009,-0.000774515
04/23/2009,0
04/24/2009,-0.005641826
04/27/2009,0.000965502
04/28/2009,0.001864573
04/29/2009,-0.002286716
04/30/2009,-0.004609873
04/05/2009,-0.003858787
05/05/2009,-0.00147908
06/05/2009,0.002830493
07/05/2009,-0.002521935
08/05/2009,0.001539507
11/05/2009,-0.00389006
12/05/2009,0.002658891
05/13/2009,-0.001482024
05/14/2009,0.005165109
05/15/2009,-0.001162934
05/18/2009,0.002992829
05/19/2009,-0.003299383
05/20/2009,0.000919012
05/21/2009,-0.002516589
05/22/2009,-0.00383349
05/25/2009,-0.001119316
05/26/2009,0.00049783
05/27/2009,-0.000311077
05/28/2009,0.004211674
05/29/2009,-0.001914963
01/06/2009,-0.002545732
02/06/2009,-0.000311479
03/06/2009,-0.00087333
04/06/2009,0.002242168
05/06/2009,-0.000124262
08/06/2009,0.002231288
09/06/2009,0.000741222
10/06/2009,-0.000617597
11/06/2009,-0.000742278
12/06/2009,-0.000309657
06/15/2009,0.002286254
06/16/2009,0.001476566
06/17/2009,-0.000614626
06/18/2009,-0.000615497
06/19/2009,0.001352943
06/22/2009,0.0004296
06/23/2009,0.001102737
06/24/2009,-0.001532337
06/25/2009,-0.000430025
06/26/2009,0.000552811
06/29/2009,-0.000368463
06/30/2009,-0.001476984
01/07/2009,-0.000123309
02/07/2009,-0.000678826
03/07/2009,0.001110255
06/07/2009,0.001414541
07/07/2009,0.0004296
08/07/2009,0.002873501
09/07/2009,0.001399283
10/07/2009,-0.000486196
07/13/2009,0.002062584
07/14/2009,-0.0000605
07/15/2009,-0.00200206
07/16/2009,-0.000243302
07/17/2009,0.000911681
07/20/2009,-0.002557546
07/21/2009,-0.001897421
07/22/2009,0.00134741
07/23/2009,-0.001163426
07/24/2009,-0.000490798
07/27/2009,-0.001537327
07/28/2009,-0.000493096
07/29/2009,0.0000617
07/30/2009,0.002275569
07/31/2009,-0.002460599
03/08/2009,-0.001235547
04/08/2009,-0.002232881
05/08/2009,-0.000435508
06/08/2009,0.000808453
07/08/2009,0.000930964
10/08/2009,0.000123978
11/08/2009,0.001361426
12/08/2009,0.001233967
08/13/2009,-0.00073996
08/14/2009,-0.000246934
08/17/2009,0.002585827
08/18/2009,0.000552108
08/19/2009,-0.000552108
08/20/2009,-0.000491353
08/21/2009,-0.000491909
08/24/2009,-0.002467939
08/25/2009,0.000371086
08/26/2009,0.001665975
08/27/2009,0.001045678
08/28/2009,-0.001045678
01/09/2009,0.00061541
02/09/2009,0.001289529
03/09/2009,-0.00098215
04/09/2009,-0.00036888
07/09/2009,-0.00160211
08/09/2009,-0.000741433
09/09/2009,-0.002020641
10/09/2009,-0.000273446
11/09/2009,-0.000248737
09/14/2009,0.000994094
09/15/2009,0.000496195
09/16/2009,-0.001428091
09/17/2009,-0.002932958
09/18/2009,0.00137534
09/23/2009,-0.002064647
09/24/2009,0.001752452
09/25/2009,-0.0000625
09/28/2009,0
09/29/2009,0.001434449
09/30/2009,-0.0016219
01/10/2009,-0.001126413
02/10/2009,0.00093888
05/10/2009,-0.00093888
06/10/2009,-0.003081231
07/10/2009,-0.001453865
08/10/2009,-0.004774964
09/10/2009,-0.000128054
12/10/2009,0.002171796
10/13/2009,-0.002363948
10/14/2009,-0.002119297
10/15/2009,-0.003295756
10/16/2009,0.002458033
10/19/2009,0.002059186
10/20/2009,-0.003092453
10/21/2009,0.003926216
10/22/2009,0.000320253
10/23/2009,-0.001218218
10/26/2009,-0.000321152
10/27/2009,0.002434823
10/28/2009,0.002039843
10/29/2009,0.002789231
10/30/2009,-0.003680484
02/11/2009,0.002541599
03/11/2009,-0.001141879
04/11/2009,0.000507873
05/11/2009,-0.0000635
06/11/2009,-0.001882378
09/11/2009,-0.003224024
10/11/2009,-0.000513958
11/11/2009,0.001091435
12/11/2009,-0.000705909
11/13/2009,0
11/16/2009,-0.002576658
11/17/2009,0.000645599
11/18/2009,0.000515789
11/19/2009,0.001351039
11/20/2009,0.001922795
11/23/2009,-0.001922795
11/24/2009,0.000834256
11/25/2009,-0.001194123
11/26/2009,-0.00009
11/30/2009,0.001348243
01/12/2009,0.000384445
02/12/2009,-0.001642675
03/12/2009,-0.000282962
04/12/2009,0.000963885
07/12/2009,0.001281862
08/12/2009,-0.00057637
09/12/2009,0.001726819
10/12/2009,-0.00070269
11/12/2009,0.000447298
12/14/2009,0.001402802
12/15/2009,-0.000637076
12/16/2009,0.002352527
12/17/2009,0.001329571
12/21/2009,0.000189607
12/22/2009,0.000126359
12/23/2009,0.0000632
12/24/2009,-0.000821869
12/28/2009,-0.000760031
12/29/2009,0.00145556
12/30/2009,-0.000695529
12/31/2009,-0.000886833
04/01/2010,-0.000634562
05/01/2010,-0.003955118
06/01/2010,-0.000128186
07/01/2010,-0.002184972
08/01/2010,0.001029592
11/01/2010,-0.005823464
12/01/2010,0.001820126
01/13/2010,0.000259396
01/14/2010,-0.002144668
01/15/2010,0.000911153
01/18/2010,0.00038991
01/19/2010,-0.00078017
01/20/2010,0.002077347
01/21/2010,0.002325199
01/22/2010,0.003081026
01/25/2010,0.001341106
01/26/2010,0.0000638
01/27/2010,0.001908431
01/28/2010,-0.00133502
01/29/2010,0.000318234
02/02/2010,0.001207169
03/02/2010,-0.001652762
04/02/2010,0.001017828
05/02/2010,0.003039251
08/02/2010,0
09/02/2010,-0.000126212
10/02/2010,-0.001074283
11/02/2010,-0.001457684
12/02/2010,0.0000635
02/17/2010,-0.004209673
02/18/2010,0.001343873
02/19/2010,0.001658101
02/22/2010,-0.001913757
02/23/2010,0.000319546
02/24/2010,0.000383145
02/25/2010,0.000892692
01/03/2010,-0.002491363
02/03/2010,-0.000384558
03/03/2010,-0.001606002
04/03/2010,-0.000321914
05/03/2010,-0.000580048
08/03/2010,-0.00310674
09/03/2010,-0.00038991
10/03/2010,-0.00202013
11/03/2010,-0.000392081
12/03/2010,-0.001676865
03/15/2010,0.001349861
03/16/2010,0.000588431
03/17/2010,-0.002489927
03/18/2010,-0.000197183
03/19/2010,0.000197183
03/22/2010,0.002097728
03/23/2010,-0.000392553
03/24/2010,-0.000392908
03/25/2010,0.001569504
03/26/2010,-0.001831641
03/29/2010,-0.003752738
03/30/2010,-0.003452068
03/31/2010,0.001994925
01/04/2010,-0.002128247
02/04/2010,-0.001268599
05/04/2010,-0.002077808
06/04/2010,-0.002695815
07/04/2010,-0.002236715
08/04/2010,0.001939151
09/04/2010,-0.002483124
12/04/2010,-0.000476536
04/13/2010,0.005347938
04/14/2010,-0.003444923
04/15/2010,-0.002107405
04/16/2010,0.002920437
04/19/2010,0.001284196
04/20/2010,-0.001351891
04/21/2010,-0.002035759
04/22/2010,0.001493822
04/23/2010,-0.00013559
04/26/2010,-0.003608645
04/27/2010,0.00102436
04/28/2010,0.00238082
04/29/2010,0.000610107
04/30/2010,-0.002037032
03/05/2010,0.002578631
04/05/2010,-0.000677104
05/05/2010,0.004114009
06/05/2010,0.002009076
07/05/2010,0.003791827
10/05/2010,-0.00971167
11/05/2010,-0.000881404
12/05/2010,0.002976021
05/13/2010,-0.002908157
05/14/2010,-0.001291229
05/17/2010,0.006216862
05/18/2010,-0.00120936
05/19/2010,0.001879775
05/20/2010,0.00346957
05/21/2010,0.007510741
05/24/2010,-0.000719085
05/25/2010,0.004711161
05/26/2010,-0.001971946
05/27/2010,-0.003852875
05/31/2010,-0.007609529
01/06/2010,0.003722167
02/06/2010,0.003821763
03/06/2010,-0.005346652
04/06/2010,0.0000664
07/06/2010,0.008613192
08/06/2010,-0.00195746
09/06/2010,0.00071876
10/06/2010,-0.001373213
11/06/2010,-0.004940083
06/14/2010,-0.001792276
06/15/2010,-0.000665688
06/16/2010,-0.000373231
06/17/2010,0.002234591
06/18/2010,-0.002194587
06/21/2010,-0.00814305
06/22/2010,0.000339531
06/23/2010,0.004121049
06/24/2010,-0.001616733
06/25/2010,0.003428393
06/28/2010,-0.002080698
06/29/2010,0.000537909
06/30/2010,0.003480264
01/07/2010,-0.000266725
02/07/2010,-0.004357394
05/07/2010,-0.000404434
06/07/2010,-0.000134895
07/07/2010,-0.00087784
08/07/2010,-0.001218408
09/07/2010,-0.000814175
12/07/2010,0.000339425
07/13/2010,0.000610298
07/14/2010,-0.001153505
07/15/2010,0.001017958
07/16/2010,0.000406516
07/19/2010,0.002700425
07/20/2010,-0.001078156
07/21/2010,-0.000472536
07/22/2010,0.000944559
07/23/2010,-0.002636398
07/26/2010,-0.00129022
07/27/2010,-0.000680606
07/28/2010,0.00088458
07/29/2010,0.000407661
07/30/2010,-0.00136036
02/08/2010,-0.003419659
03/08/2010,0.00016476
04/08/2010,0.000658417
05/08/2010,0.000205551
06/08/2010,-0.002679778
09/08/2010,-0.000896947
10/08/2010,0.001516826
11/08/2010,0.000893823
12/08/2010,0.003420737
08/13/2010,-0.003146084
08/16/2010,0.0026688
08/17/2010,-0.002394321
08/18/2010,-0.000411784
08/19/2010,-0.004416826
08/20/2010,0.000693097
08/23/2010,-0.000970646
08/24/2010,0.000970646
08/25/2010,0.000968481
08/26/2010,-0.000345638
08/27/2010,0.000552889
08/30/2010,-0.000898803
01/09/2010,-0.000276929
02/09/2010,-0.000277106
03/09/2010,-0.001457715
06/09/2010,-0.001392864
07/09/2010,0.001045066
08/09/2010,-0.000696431
09/09/2010,-0.00055795
09/13/2010,-0.001468039
09/14/2010,0.000489898
09/15/2010,0.002023711
09/17/2010,-0.001604237
09/20/2010,-0.000419473
09/21/2010,-0.000475893
09/22/2010,-0.001276286
09/23/2010,-0.0000702
09/24/2010,0.000912163
09/27/2010,-0.001122934
09/28/2010,0.0000703
09/29/2010,-0.000942544
09/30/2010,0.000520762
01/10/2010,-0.000211045
04/10/2010,-0.0000704
05/10/2010,0.003225321
06/10/2010,-0.002662672
07/10/2010,0.001053006
08/10/2010,0.000280371
11/10/2010,0.000210159
12/10/2010,0.000839622
10/13/2010,-0.001260043
10/14/2010,-0.001967362
10/15/2010,0.000422329
10/18/2010,0.001054028
10/19/2010,0.001890828
10/20/2010,0.002508366
10/21/2010,-0.001461452
10/22/2010,-0.000655771
10/25/2010,-0.001931196
10/26/2010,0
10/27/2010,0.001749638
10/28/2010,-0.000209585
10/29/2010,0.000279424
01/11/2010,-0.001959753
02/11/2010,-0.0000702
03/11/2010,-0.001264732
04/11/2010,-0.000380139
08/11/2010,0.001012965
09/11/2010,0.0000281
10/11/2010,0.000954463
11/11/2010,-0.001109059
12/11/2010,0.003207104
11/15/2010,0.002504348
11/16/2010,0.000900811
11/18/2010,-0.000554124
11/19/2010,-0.00124937
11/22/2010,-0.002509574
11/23/2010,0.001326304
11/24/2010,0.002501943
11/25/2010,-0.000277283
11/26/2010,0.000969717
11/29/2010,0.001864076
11/30/2010,0.00075715
01/12/2010,0.000206267
02/12/2010,-0.001101223
03/12/2010,-0.000344706
06/12/2010,-0.000483048
08/12/2010,0.000483048
09/12/2010,-0.001589179
10/12/2010,-0.0000692
12/13/2010,-0.000401733
12/14/2010,-0.000568603
12/15/2010,0.000762589
12/16/2010,0.000692103
12/17/2010,-0.000692103
12/20/2010,0.002169508
12/21/2010,-0.002169508
12/22/2010,-0.000485129
12/23/2010,-0.001737041
12/24/2010,-0.002863874
12/27/2010,-0.000659265
12/28/2010,-0.000182527
12/29/2010,0.000140412
12/30/2010,-0.001406168
03/01/2011,-0.002755192
04/01/2011,-0.000354497
05/01/2011,0.000921092
06/01/2011,0.000565856
07/01/2011,-0.000495084
10/01/2011,0.000282974
11/01/2011,0.000847818
12/01/2011,-0.001980822
01/13/2011,-0.000993809
01/14/2011,0.000284178
01/17/2011,0.000142019
01/18/2011,0.000141973
01/19/2011,-0.000852533
01/21/2011,0.001278173
01/24/2011,-0.000596013
01/25/2011,-0.000824412
01/26/2011,0.000142252
01/27/2011,-0.00028455
01/28/2011,0.000568914
01/31/2011,0.000568169
02/02/2011,-0.002277151
07/02/2011,-0.000857019
08/02/2011,-0.000572287
09/02/2011,0.000143143
10/02/2011,0.001000679
11/02/2011,0.000428158
02/14/2011,0.000997396
02/16/2011,-0.000427175
02/17/2011,-0.000641551
02/18/2011,-0.000785407
02/21/2011,-0.000429003
02/22/2011,0.001927187
02/23/2011,0.000142415
02/24/2011,0.000142368
02/25/2011,0.000142322
02/28/2011,-0.0000712
01/03/2011,-0.001068726
02/03/2011,-0.00049964
03/03/2011,-0.001072597
04/03/2011,-0.000501453
07/03/2011,0.000429853
08/03/2011,0
09/03/2011,0.0000716
10/03/2011,0.000572382
11/03/2011,0.000357356
03/14/2011,0
03/15/2011,0.002066885
03/16/2011,0.000639452
03/17/2011,0.000780276
03/18/2011,-0.002844113
03/21/2011,-0.000756822
03/22/2011,-0.000600684
03/23/2011,-0.000916929
03/24/2011,0.000272415
03/25/2011,-0.000573705
03/28/2011,0.0000718
03/29/2011,0.000358595
03/30/2011,-0.000329897
03/31/2011,-0.000114805
01/04/2011,0.000215235
04/04/2011,-0.000215235
05/04/2011,0.000215235
06/04/2011,-0.000272649
07/04/2011,0.000200916
08/04/2011,-0.000603027
11/04/2011,-0.000388103
12/04/2011,0.001507345
04/13/2011,-0.000143332
04/14/2011,-0.001004647
04/15/2011,-0.000287469
04/18/2011,0.000359307
04/19/2011,0.000861126
04/20/2011,-0.001839138
04/21/2011,-0.000965788
04/22/2011,-0.000505371
04/25/2011,-0.001447167
04/26/2011,-0.000144982
04/27/2011,-0.002355482
04/28/2011,-0.002529608
04/29/2011,0.001756206
03/05/2011,-0.000511494
04/05/2011,0.001459815
05/05/2011,0.00109165
06/05/2011,0.001885717
09/05/2011,-0.002540378
10/05/2011,0.001148639
11/05/2011,-0.001367079
12/05/2011,0.002324378
05/13/2011,0.002023676
05/16/2011,0.003804902
05/18/2011,-0.000944523
05/19/2011,-0.001205099
05/20/2011,-0.001194046
05/23/2011,0.004414503
05/24/2011,0.001210429
05/25/2011,0.000923351
05/26/2011,-0.002347736
05/27/2011,-0.00322205
05/30/2011,-0.000719269
05/31/2011,-0.000720462
01/06/2011,-0.000432852
02/06/2011,0.002734136
03/06/2011,-0.001897678
06/06/2011,-0.002427282
07/06/2011,0.002023676
08/06/2011,0.000144188
09/06/2011,0.001007978
10/06/2011,-0.000287755
06/13/2011,0.004296436
06/14/2011,-0.002859562
06/15/2011,0.000573421
06/16/2011,0.001715734
06/17/2011,0.000499148
06/20/2011,-0.001170336
06/21/2011,-0.000257326
06/22/2011,-0.000930504
06/23/2011,0.000715949
06/24/2011,0.000214555
06/27/2011,0.002921674
06/28/2011,-0.000710793
06/29/2011,-0.001853525
06/30/2011,-0.002723308
01/07/2011,-0.000762716
04/07/2011,-0.002050129
05/07/2011,0.00108402
06/07/2011,-0.000505539
07/07/2011,0.000794155
08/07/2011,-0.001951889
11/07/2011,0.001085465
12/07/2011,0.003598748
07/13/2011,-0.001004647
07/14/2011,-0.002203997
07/15/2011,-0.000534676
07/18/2011,0.001587652
07/19/2011,-0.00037474
07/20/2011,-0.001502201
07/21/2011,-0.001159085
07/22/2011,-0.00145322
07/25/2011,-0.001020155
07/26/2011,-0.00222348
07/27/2011,-0.003356712
07/28/2011,0.002284796
07/29/2011,0.000220473
01/08/2011,-0.002357499
02/08/2011,0.001842889
03/08/2011,0.003268418
04/08/2011,-0.0000438
05/08/2011,0.005297667
08/08/2011,0.000288424
09/08/2011,0.003374712
10/08/2011,-0.0035189
11/08/2011,0.000144188
12/08/2011,-0.00229828
08/15/2011,-0.001757192
08/16/2011,-0.002012787
08/17/2011,0.001299169
08/18/2011,-0.000452079
08/19/2011,0.001092932
08/22/2011,-0.001238864
08/23/2011,-0.00051115
08/24/2011,0.0000731
08/25/2011,0.001895212
08/26/2011,0.000726731
08/29/2011,-0.001483824
02/09/2011,-0.001503533
05/09/2011,0.000584515
06/09/2011,0.00196695
07/09/2011,-0.000363578
08/09/2011,0.000436258
09/09/2011,0.001233689
12/09/2011,0.004039307
09/13/2011,0.00307631
09/14/2011,0.005173186
09/15/2011,0.001125663
09/19/2011,0.00224261
09/20/2011,0.004519958
09/21/2011,-0.004100755
09/22/2011,0.005551052
09/23/2011,0.004117217
09/26/2011,0.001227592
09/27/2011,-0.004752272
09/28/2011,0.001470951
09/29/2011,0.002777065
09/30/2011,0.00084464
03/10/2011,0.002510576
04/10/2011,0.000270546
05/10/2011,-0.00298532
06/10/2011,-0.00061317
07/10/2011,-0.003628555
10/10/2011,-0.002412945
11/10/2011,-0.002843749
12/10/2011,0.004926568
10/13/2011,-0.003675799
10/14/2011,0.001385532
10/17/2011,-0.002622383
10/18/2011,-0.000570973
10/19/2011,-0.001186121
10/20/2011,0.002785734
10/21/2011,0.004145381
10/24/2011,-0.004034323
10/25/2011,-0.000291589
10/27/2011,0.000666202
10/28/2011,-0.008119199
10/31/2011,0
01/11/2011,0.003237867
02/11/2011,0.004326234
03/11/2011,0.002699425
04/11/2011,-0.003394296
08/11/2011,0.000486527
09/11/2011,-0.002158768
10/11/2011,0.005687106
11/11/2011,-0.000344651
11/14/2011,-0.002420245
11/15/2011,0.001591965
11/16/2011,0.003139094
11/17/2011,-0.000933849
11/18/2011,0.000302347
11/21/2011,0.001549657
11/22/2011,0.002116682
11/23/2011,-0.0007499
11/24/2011,0.00054551
11/25/2011,0.00074896
11/29/2011,-0.001158028
11/30/2011,-0.001503223
01/12/2011,-0.003711941
02/12/2011,-0.002103728
05/12/2011,0.001274526
06/12/2011,-0.000276753
07/12/2011,-0.00131699
08/12/2011,0.000762955
09/12/2011,0.003382427
12/12/2011,-0.000894814
12/13/2011,0.003773216
12/14/2011,0.001159666
12/15/2011,0.001224515
12/16/2011,-0.002657494
12/19/2011,0.0000683
12/20/2011,0.001637047
12/21/2011,-0.00273185
12/22/2011,0.000999118
12/23/2011,-0.00285288
12/27/2011,0.000481365
12/28/2011,0.001714819
12/29/2011,0.000711375
12/30/2011,-0.0000273
03/01/2012,-0.00336212
04/01/2012,-0.001822275
05/01/2012,0.0000277
06/01/2012,0.001518997
09/01/2012,0.001445012
10/01/2012,-0.002894848
11/01/2012,0.00082907
12/01/2012,-0.000552538
01/13/2012,-0.001107189
01/16/2012,0.001728744
01/17/2012,-0.00207532
01/18/2012,-0.001876305
01/19/2012,-0.001996375
01/20/2012,-0.000028
01/25/2012,-0.003230537
01/26/2012,-0.005676205
01/27/2012,0.0000714
01/30/2012,0.000214167
01/31/2012,0.000428017
02/02/2012,-0.003579764
03/02/2012,0.000287469
08/02/2012,-0.002666381
09/02/2012,0.0004335
10/02/2012,0.003667381
02/13/2012,-0.001003652
02/14/2012,0.00279014
02/15/2012,-0.001643298
02/16/2012,0.00299613
02/17/2012,-0.00085393
02/20/2012,-0.003863601
02/21/2012,0.000287374
02/22/2012,0.000287184
02/23/2012,-0.000129209
02/24/2012,-0.002462312
02/27/2012,0.001441643
02/28/2012,-0.000936523
02/29/2012,-0.001589501
01/03/2012,0
02/03/2012,-0.000333087
05/03/2012,0.002643169
06/03/2012,0.000791261
07/03/2012,0.001148358
08/03/2012,-0.001795647
09/03/2012,-0.001947674
12/03/2012,0.003025953
03/13/2012,-0.00043099
03/14/2012,0.002293688
03/15/2012,0.003276097
03/16/2012,-0.001492544
03/19/2012,0.000355833
03/20/2012,0.000923804
03/21/2012,0.003816445
03/22/2012,-0.000817005
03/23/2012,-0.000380855
03/26/2012,-0.00098896
03/27/2012,-0.000141464
03/28/2012,-0.000708012
03/29/2012,0.000566502
03/30/2012,-0.0000708
02/04/2012,-0.001702005
03/04/2012,-0.001138387
04/04/2012,0.001919301
05/04/2012,0.000283621
06/04/2012,-0.000141787
09/04/2012,0.001415794
10/04/2012,-0.000565764
12/04/2012,0.000282974
04/13/2012,-0.001558644
04/16/2012,0.001671782
04/17/2012,-0.000820919
04/18/2012,-0.000425223
04/19/2012,0.000750946
04/20/2012,0.000311332
04/23/2012,-0.000920491
04/24/2012,0.000920491
04/25/2012,-0.000877964
04/26/2012,-0.000893946
04/27/2012,-0.000995436
04/30/2012,-0.002355453
02/05/2012,-0.001577429
03/05/2012,0.001262401
04/05/2012,0.000744243
07/05/2012,0.003489472
08/05/2012,-0.000851976
09/05/2012,0.00184384
10/05/2012,0
11/05/2012,0.000537493
05/14/2012,0.000452111
05/15/2012,0.001339437
05/16/2012,0.003575037
05/17/2012,-0.000419068
05/18/2012,0.003687855
05/21/2012,-0.000693429
05/22/2012,-0.001181376
05/23/2012,0.002428752
05/24/2012,0.000345858
05/25/2012,0.00344352
05/28/2012,-0.003139392
05/29/2012,0.001971656
05/30/2012,0.000343778
05/31/2012,0.003081816
01/06/2012,0.000341078
04/06/2012,0.001837206
05/06/2012,-0.000611539
06/06/2012,-0.002318061
07/06/2012,-0.001300796
08/06/2012,0.002052112
11/06/2012,-0.002395075
12/06/2012,0.002258569
06/13/2012,0.0000683
06/14/2012,0.000204711
06/15/2012,-0.002051466
06/18/2012,-0.002750449
06/19/2012,0.001239858
06/20/2012,0.0000688
06/21/2012,0.001647397
06/22/2012,0.002799927
06/25/2012,0.0000681
06/26/2012,0.000571333
06/27/2012,-0.000367199
06/28/2012,-0.0002722
06/29/2012,-0.0000681
02/07/2012,-0.002663344
03/07/2012,-0.001853469
04/07/2012,-0.001060717
05/07/2012,0.002160023
06/07/2012,0.001233403
09/07/2012,0.002047919
10/07/2012,-0.0000681
11/07/2012,-0.00020439
12/07/2012,-0.000204486
07/13/2012,0.000204486
07/16/2012,-0.001433429
07/17/2012,-0.002055998
07/18/2012,-0.000343615
07/19/2012,-0.001101397
07/20/2012,0.000482205
07/23/2012,0.002403027
07/24/2012,0.000684144
07/25/2012,0.000819553
07/26/2012,-0.001777656
07/27/2012,-0.001647397
07/30/2012,-0.000991446
07/31/2012,-0.000869376
01/08/2012,-0.003676075
02/08/2012,0.001460282
03/08/2012,0.000832248
06/08/2012,-0.003967459
07/08/2012,-0.0000699
08/08/2012,-0.000629869
09/08/2012,-0.000420421
10/08/2012,0.002014318
08/13/2012,0.000920116
08/14/2012,0.000626236
08/15/2012,0.000555897
08/16/2012,0.000971111
08/17/2012,-0.0000693
08/22/2012,-0.00124917
08/23/2012,-0.003208744
08/24/2012,-0.00056047
08/27/2012,0.001609407
08/28/2012,0.001881725
08/29/2012,-0.000208678
08/30/2012,0.001458647
03/09/2012,-0.002503546
04/09/2012,-0.00153708
05/09/2012,0.001258015
06/09/2012,0.000766997
07/09/2012,-0.000766997
10/09/2012,-0.001118056
11/09/2012,-0.000490056
12/09/2012,-0.003587196
09/13/2012,0.001058137
09/14/2012,-0.004817672
09/18/2012,0.001422518
09/19/2012,0.000780404
09/20/2012,-0.000141787
09/21/2012,-0.000141834
09/24/2012,0.000708705
09/25/2012,0.0000708
09/26/2012,0.001766432
09/27/2012,-0.000352712
09/28/2012,-0.001555346
01/10/2012,0.000636951
02/10/2012,-0.002695727
03/10/2012,0.00170451
04/10/2012,-0.0007094
05/10/2012,-0.000781681
08/10/2012,0.002199323
09/10/2012,-0.000637367
10/10/2012,0.001979855
11/10/2012,-0.000352884
12/10/2012,-0.002194305
10/15/2012,0.00028376
10/16/2012,-0.000851836
10/17/2012,-0.001708702
10/18/2012,-0.00049964
10/19/2012,0.001354832
10/22/2012,0.00064029
10/23/2012,-0.000711492
10/24/2012,0.001279847
10/25/2012,-0.001279847
10/29/2012,0.000441262
10/30/2012,0.00119343
10/31/2012,-0.000638929
01/11/2012,-0.000611412
02/11/2012,-0.0000996
05/11/2012,0.002058776
06/11/2012,-0.000637887
07/11/2012,-0.001065231
08/11/2012,0.001207065
09/11/2012,0
12/11/2012,-0.000141834
11/14/2012,0.000283621
11/16/2012,0.001061932
11/19/2012,-0.000991055
11/20/2012,-0.000922295
11/21/2012,0.001418106
11/22/2012,-0.000850308
11/23/2012,-0.0000426
11/26/2012,-0.001022672
11/27/2012,-0.000284503
11/28/2012,0.0000711
11/29/2012,-0.000398553
11/30/2012,-0.000883814
03/12/2012,-0.000142719
04/12/2012,0
05/12/2012,0.000428017
06/12/2012,0.0000713
07/12/2012,0.000797707
10/12/2012,0.000838859
11/12/2012,0.001205685
12/12/2012,-0.001418801
12/13/2012,-0.000711142
12/14/2012,0.000853231
12/17/2012,0
12/18/2012,-0.000355309
12/19/2012,-0.000426755
12/20/2012,0.001137083
12/21/2012,0.000283806
12/24/2012,0.000496215
12/26/2012,0.000778623
12/27/2012,-0.000778623
12/28/2012,-0.000638095
12/31/2012,-0.000312299
02/01/2013,-0.002963798
03/01/2013,-0.000214519
04/01/2013,0.00128553
07/01/2013,-0.000213991
08/01/2013,-0.000571158
09/01/2013,0.000285673
10/01/2013,-0.000571534
11/01/2013,-0.002509344
01/14/2013,-0.000503613
01/15/2013,-0.001586597
01/16/2013,0.001586597
01/17/2013,0.000748015
01/18/2013,-0.001252213
01/21/2013,0.001223467
01/22/2013,0.002150687
01/23/2013,0.000285955
01/25/2013,0.002096013
01/29/2013,0.003513362
01/30/2013,0
01/31/2013,0.003023025
04/02/2013,0.000210126
05/02/2013,-0.000770958
06/02/2013,-0.000210499
07/02/2013,0.000701267
08/02/2013,-0.000140163
02/13/2013,-0.000210329
02/14/2013,-0.001404803
02/15/2013,0.001054028
02/18/2013,0.000743307
02/19/2013,-0.000042
02/20/2013,-0.000420624
02/21/2013,0.001470406
02/22/2013,-0.000979717
02/25/2013,0.000490135
02/26/2013,-0.00007
02/27/2013,-0.000420149
02/28/2013,-0.001052155
01/03/2013,0.000280824
04/03/2013,0.00151332
05/03/2013,-0.000601894
06/03/2013,0.000280054
07/03/2013,0.000908932
08/03/2013,-0.000349364
11/03/2013,0.000489031
12/03/2013,-0.000489031
03/13/2013,-0.000349645
03/14/2013,0.001257408
03/15/2013,0.000488011
03/18/2013,0.002293264
03/19/2013,-0.001736208
03/20/2013,0.001111972
03/21/2013,-0.001251169
03/22/2013,-0.000696655
03/25/2013,-0.003219084
03/26/2013,0.00028087
03/27/2013,0.000911573
03/28/2013,0.000490056
03/29/2013,-0.002104144
01/04/2013,0.001263709
02/04/2013,-0.00203779
03/04/2013,0.000914675
04/04/2013,-0.002325639
05/04/2013,-0.001202935
08/04/2013,-0.00099316
09/04/2013,-0.000611212
10/04/2013,-0.002811254
11/04/2013,0.000529392
12/04/2013,-0.000171624
04/15/2013,0.000714653
04/16/2013,-0.000142837
04/17/2013,-0.001287647
04/18/2013,0.000358063
04/19/2013,0.000500793
04/22/2013,0.000500216
04/23/2013,0.002236764
04/24/2013,-0.000526099
04/25/2013,-0.001782089
04/26/2013,-0.000500298
04/29/2013,-0.000858997
04/30/2013,0.000143284
02/05/2013,0.002926957
03/05/2013,-0.001068551
06/05/2013,-0.011125251
07/05/2013,0.000585007
08/05/2013,0.00102187
09/05/2013,-0.00204615
10/05/2013,0.003429138
05/13/2013,0.002319335
05/14/2013,-0.002101371
05/15/2013,0.001450309
05/16/2013,0.001373321
05/17/2013,0.001656652
05/20/2013,-0.00028766
05/21/2013,-0.001008313
05/22/2013,0.000864411
05/23/2013,0.002654488
05/27/2013,-0.000500958
05/28/2013,0.00078696
05/29/2013,0.002778696
05/30/2013,0.001418106
05/31/2013,0.002470597
03/06/2013,0.000492437
04/06/2013,0.000842881
05/06/2013,-0.001264936
06/06/2013,0.000492358
07/06/2013,-0.000492358
10/06/2013,0.004829043
11/06/2013,0.003811145
12/06/2013,-0.000138003
06/13/2013,0.000275962
06/14/2013,-0.003462187
06/17/2013,0.001388189
06/18/2013,0.00283199
06/19/2013,0.001168845
06/20/2013,0.00525514
06/21/2013,0.001151706
06/24/2013,0.000946176
06/25/2013,-0.000608019
06/26/2013,-0.002644631
06/27/2013,-0.000544485
06/28/2013,-0.001364206
01/07/2013,-0.001917116
02/07/2013,0.000617139
03/07/2013,0.001777936
04/07/2013,0.000477434
05/07/2013,0.0000682
08/07/2013,0.003462155
09/07/2013,-0.002849177
10/07/2013,-0.000544826
11/07/2013,-0.004176928
12/07/2013,0.00123672
07/15/2013,0.002735722
07/16/2013,-0.000409261
07/17/2013,0.001158574
07/18/2013,0.000951804
07/19/2013,0.000339425
07/22/2013,-0.002722858
07/23/2013,-0.001367858
07/24/2013,0.001299567
07/25/2013,0.002587526
07/26/2013,0.001017163
07/29/2013,0.001878866
07/30/2013,0.001158407
07/31/2013,0.002748921
01/08/2013,-0.001539934
02/08/2013,0.00194076
05/08/2013,-0.00073513
06/08/2013,-0.002011247
07/08/2013,0.003080116
12/08/2013,-0.00173825
08/13/2013,0.002005057
08/14/2013,0.00179667
08/15/2013,0.000994948
08/16/2013,0.0000662
08/19/2013,0.000860317
08/20/2013,0.001913049
08/21/2013,-0.000658721
08/22/2013,0.003152787
08/23/2013,-0.001573532
08/26/2013,-0.000328538
08/27/2013,0.003535127
08/28/2013,0.0005864
08/29/2013,-0.002284907
08/30/2013,-0.002362799
02/09/2013,-0.002111112
03/09/2013,-0.002919638
04/09/2013,0.005425443
05/09/2013,-0.002968983
06/09/2013,0.005460413
09/09/2013,-0.000785225
10/09/2013,-0.005735737
11/09/2013,0.001192935
12/09/2013,-0.002056542
09/13/2013,0.003312207
09/17/2013,-0.004044295
09/18/2013,-0.003209087
09/19/2013,-0.009977979
09/20/2013,-0.000412174
09/23/2013,0.001783271
09/24/2013,0.004561887
09/25/2013,0.004179181
09/26/2013,-0.002624144
09/27/2013,0.000809119
09/30/2013,0.00455675
01/10/2013,-0.002138398
02/10/2013,-0.001207492
03/10/2013,-0.004863825
04/10/2013,0.000678797
07/10/2013,-0.001562823
08/10/2013,0.001155672
09/10/2013,0.001693951
10/10/2013,-0.000947798
11/10/2013,-0.003197107
10/14/2013,-0.000136571
10/16/2013,-0.001299567
10/17/2013,-0.000685548
10/18/2013,-0.001718619
10/21/2013,0.002335661
10/22/2013,0.001914098
10/23/2013,-0.003974322
10/24/2013,0.000206463
10/25/2013,-0.000895382
10/28/2013,-0.00151948
10/29/2013,0.000691332
10/30/2013,0.001792329
10/31/2013,0.000220084
01/11/2013,0.001290746
04/11/2013,0.001505592
06/11/2013,0.000341453
07/11/2013,-0.00020484
08/11/2013,0.001227592
11/11/2013,0.001020349
12/11/2013,0.001045071
11/13/2013,0.000650202
11/14/2013,-0.001763222
11/15/2013,0.000475418
11/18/2013,-0.000407469
11/19/2013,-0.001156577
11/20/2013,-0.001091364
11/21/2013,0.003333678
11/22/2013,0.001556007
11/25/2013,0.001348532
11/26/2013,-0.000673743
11/27/2013,0.00047173
11/28/2013,0.001412122
11/29/2013,-0.001075486
02/12/2013,-0.000471364
03/12/2013,-0.000809245
04/12/2013,0.000134979
05/12/2013,0.00114563
06/12/2013,-0.000673534
09/12/2013,-0.000404622
10/12/2013,-0.002707158
11/12/2013,0.001355689
12/12/2013,0.002631482
12/13/2013,0.000739339
12/16/2013,0.00013429
12/17/2013,0.00080487
12/18/2013,0.002205733
12/19/2013,0.002791191
12/20/2013,0.000595786
12/23/2013,0.001624323
12/24/2013,-0.000633159
12/26/2013,0.000791305
12/27/2013,-0.000329535
12/30/2013,0.0000659
12/31/2013,-0.001651186
02/01/2014,-0.000463459
03/01/2014,0.002022345
06/01/2014,-0.000699485
07/01/2014,-0.000198172
08/01/2014,-0.000396616
09/01/2014,-0.000661833
10/01/2014,-0.00139314
01/13/2014,-0.001264323
01/15/2014,0.003253157
01/16/2014,0.001518629
01/20/2014,0.002497463
01/21/2014,0.000393027
01/22/2014,0.001307526
01/23/2014,0.000717465
01/24/2014,0.0000652
01/27/2014,0.001561042
01/28/2014,-0.000584733
01/29/2014,-0.002477591
01/30/2014,0.003257061
04/02/2014,-0.001104662
05/02/2014,-0.001564322
06/02/2014,-0.000522695
07/02/2014,0.000130733
10/02/2014,0.000979244
11/02/2014,0.001471237
12/02/2014,-0.002254456
02/13/2014,0.0000653
02/14/2014,-0.000784515
02/17/2014,-0.003020506
02/18/2014,0.000329335
02/19/2014,0.000565873
02/20/2014,0.000157787
02/21/2014,-0.00026301
02/24/2014,-0.000328986
02/25/2014,-0.003038422
02/26/2014,0.000331295
02/27/2014,-0.0000662
02/28/2014,0.0000662
03/03/2014,0.000132447
04/03/2014,0.000595513
05/03/2014,-0.001324473
06/03/2014,-0.001195489
07/03/2014,-0.001065427
10/03/2014,0.003519262
11/03/2014,-0.000728071
12/03/2014,0.000992522
03/13/2014,-0.000793836
03/14/2014,0.0003971
03/17/2014,-0.0003971
03/18/2014,-0.001711678
03/19/2014,0.001645459
03/20/2014,0.001982178
03/21/2014,0.002104399
03/24/2014,-0.000853683
03/25/2014,-0.000526178
03/26/2014,0.000460441
03/27/2014,-0.001184979
03/28/2014,-0.002313423
03/31/2014,-0.001061683
01/04/2014,-0.001064285
02/04/2014,0.000931392
03/04/2014,0.001658247
04/04/2014,0.00066153
07/04/2014,-0.001987621
08/04/2014,-0.00073108
09/04/2014,-0.004546928
10/04/2014,0.000268788
11/04/2014,0.000939451
04/14/2014,0.001204887
04/15/2014,0.000801405
04/16/2014,-0.00140343
04/17/2014,-0.000535835
04/18/2014,0
04/21/2014,0.00107101
04/22/2014,0.002067596
04/23/2014,0.000731304
04/24/2014,-0.000731304
04/25/2014,0.000930536
04/28/2014,0.000132771
04/29/2014,-0.001129851
04/30/2014,0.000532061
02/05/2014,0.000265786
05/05/2014,-0.001463841
06/05/2014,0.0000933
07/05/2014,-0.001294669
08/05/2014,0.0000668
09/05/2014,-0.003084872
12/05/2014,0.000941196
05/14/2014,-0.001345191
05/15/2014,0.000336689
05/16/2014,0.000739797
05/19/2014,-0.001953099
05/20/2014,-0.00056737
05/21/2014,0.001107034
05/22/2014,-0.001959481
05/23/2014,0.000338473
05/26/2014,-0.000270757
05/27/2014,0.000744176
05/28/2014,0.001255441
05/29/2014,-0.0000404
05/30/2014,-0.000877158
02/06/2014,0.001146697
03/06/2014,0.000605852
04/06/2014,0.000739339
05/06/2014,-0.0000672
06/06/2014,-0.001480169
09/06/2014,-0.003314983
10/06/2014,0.000610774
11/06/2014,0.000203401
12/06/2014,0.001421144
06/13/2014,-0.00054084
06/16/2014,0.001755273
06/17/2014,0.00080774
06/18/2014,0.00073911
06/19/2014,-0.001910823
06/20/2014,-0.000175355
06/23/2014,-0.000472463
06/24/2014,-0.000202641
06/25/2014,0.001954918
06/26/2014,-0.001482235
06/27/2014,-0.001284196
06/30/2014,0.000338315
01/07/2014,-0.000338315
02/07/2014,-0.000270842
03/07/2014,0.0000677
04/07/2014,-0.002785473
07/07/2014,0.000245295
08/07/2014,-0.001268851
09/07/2014,-0.00072477
10/07/2014,-0.000164267
11/07/2014,0.001980744
07/14/2014,-0.001296708
07/16/2014,0.002385678
07/17/2014,-0.001566254
07/18/2014,0.000613555
07/21/2014,-0.001911691
07/22/2014,0.000383012
07/23/2014,-0.000725273
07/24/2014,-0.0000685
07/25/2014,0.001299362
07/30/2014,-0.000273227
07/31/2014,0.001500626
01/08/2014,0.002281905
04/08/2014,-0.00065075
05/08/2014,-0.001399702
06/08/2014,0.000856664
07/08/2014,0.001153145
08/08/2014,0.00155528
11/08/2014,-0.002640508
12/08/2014,-0.000271731
08/13/2014,-0.000680073
08/14/2014,-0.00149992
08/15/2014,-0.000888757
08/18/2014,-0.003297411
08/19/2014,0.000523761
08/20/2014,0.00215729
08/21/2014,0.000547919
08/22/2014,-0.001233792
08/25/2014,0.000617334
08/26/2014,-0.000754639
08/27/2014,-0.001375439
08/28/2014,-0.000620372
08/29/2014,0.001239858
02/09/2014,0.001647657
03/09/2014,0.002391684
04/09/2014,-0.001570193
05/09/2014,0.001502042
08/09/2014,-0.001912593
09/09/2014,0.002593626
10/09/2014,0.001019551
11/09/2014,-0.000135802
12/09/2014,0.000271561
09/15/2014,0.002031316
09/17/2014,0.000607547
09/18/2014,0.003025049
09/19/2014,-0.000402125
09/22/2014,-0.001544936
09/23/2014,0.003111121
09/24/2014,-0.000762307
09/25/2014,0.000267629
09/26/2014,0.001962026
09/29/2014,0.001634912
09/30/2014,-0.000265421
01/10/2014,0.001391652
02/10/2014,-0.003654301
03/10/2014,-0.001068869
07/10/2014,0.00226821
08/10/2014,0.0020578
09/10/2014,-0.00553164
10/10/2014,0.002207772
10/13/2014,0.000533531
10/14/2014,-0.000667017
10/15/2014,0.002794612
10/16/2014,0.000265218
10/17/2014,0.001455811
10/20/2014,-0.001853699
10/21/2014,-0.001715084
10/23/2014,0.002046682
10/24/2014,0.000662438
10/27/2014,-0.001259498
10/28/2014,0.000928405
10/29/2014,-0.001326901
10/30/2014,0.00291385
10/31/2014,-0.000858877
03/11/2014,0.003753307
04/11/2014,0.001701322
05/11/2014,0.001173946
06/11/2014,0.001300673
07/11/2014,0.000324561
10/11/2014,-0.002603302
11/11/2014,0.002083888
12/11/2014,-0.00025994
11/13/2014,-0.000520347
11/14/2014,0.000910198
11/17/2014,0.000194795
11/18/2014,0.000778306
11/19/2014,0.000906264
11/20/2014,0.000968903
11/21/2014,-0.001162943
11/24/2014,-0.001620383
11/25/2014,0.000454317
11/26/2014,0
11/27/2014,-0.000129756
11/28/2014,0.002845722
01/12/2014,0.00874298
02/12/2014,-0.001772633
03/12/2014,0.002403967
04/12/2014,0.000693409
05/12/2014,0.002136291
08/12/2014,0.004923532
09/12/2014,-0.001241197
10/12/2014,-0.001431776
11/12/2014,0.000623091
12/12/2014,0.000932964
12/15/2014,0.000186352
12/16/2014,-0.000683684
12/17/2014,-0.000560179
12/18/2014,-0.001122531
12/19/2014,-0.0000624
12/22/2014,0.001247257
12/23/2014,0.001243685
12/24/2014,0
12/26/2014,-0.00136825
12/29/2014,0.00136825
12/30/2014,0.000558498
12/31/2014,-0.000806951
02/01/2015,0.001859936
05/01/2015,0.003671608
06/01/2015,0.00186088
07/01/2015,0.002071845
08/01/2015,-0.000486605
09/01/2015,-0.001585241
12/01/2015,-0.000550088
01/13/2015,0.003047265
01/14/2015,0.00224129
01/15/2015,-0.002727418
01/16/2015,-0.000182438
01/19/2015,-0.000425988
01/20/2015,0.003879279
01/21/2015,0.002886887
01/22/2015,-0.001320775
01/23/2015,-0.001988724
01/26/2015,0.001447248
01/27/2015,0.00036106
01/28/2015,0.001680987
01/29/2015,0.001196734
01/30/2015,-0.001256657
04/02/2015,-0.007922322
05/02/2015,0.001827072
06/02/2015,-0.00249893
09/02/2015,0.000915911
10/02/2015,0.002614958
11/02/2015,0.001875482
12/02/2015,0.002948052
02/13/2015,-0.004823534
02/16/2015,-0.001518408
02/17/2015,0.002850229
02/18/2015,0.000181296
02/23/2015,0.005642606
02/24/2015,-0.001673123
02/25/2015,-0.000299451
02/26/2015,-0.003186945
02/27/2015,0.001602409
02/03/2015,0.001883988
03/03/2015,0.0000599
04/03/2015,0.000119706
05/03/2015,0.00333845
06/03/2015,-0.001070277
09/03/2015,0.004795612
10/03/2015,0.000999798
11/03/2015,0.002051189
12/03/2015,-0.002109937
03/13/2015,0.0000587
03/16/2015,0.001290449
03/17/2015,-0.000938128
03/18/2015,0.0000587
03/19/2015,-0.002353905
03/20/2015,0.004986888
03/23/2015,-0.004008468
03/24/2015,-0.001627987
03/25/2015,-0.002013917
03/26/2015,0.002545453
03/27/2015,-0.001359665
03/30/2015,0.004828161
03/31/2015,0.000935854
01/04/2015,-0.003637722
02/04/2015,-0.000235741
03/04/2015,-0.002364478
06/04/2015,-0.004887802
07/04/2015,0.001496021
08/04/2015,0.001073953
09/04/2015,-0.001731568
10/04/2015,0.001791154
04/13/2015,0.006270228
04/14/2015,0.000762795
04/15/2015,0.002163728
04/16/2015,-0.007650372
04/17/2015,-0.002441034
04/20/2015,-0.001615035
04/21/2015,0.002390508
04/22/2015,-0.002930191
04/23/2015,0.000179969
04/24/2015,-0.002526374
04/27/2015,-0.004243559
04/28/2015,-0.00085371
04/29/2015,0.000183079
04/30/2015,0.001401049
05/05/2015,0.004296685
06/05/2015,-0.004600877
07/05/2015,0.003213642
08/05/2015,0.001567852
11/05/2015,-0.000722921
12/05/2015,0.002824592
05/13/2015,-0.002462981
05/14/2015,-0.003872792
05/15/2015,-0.000730009
05/18/2015,0.000669222
05/19/2015,0.00157771
05/20/2015,0.002897722
05/21/2015,-0.00036116
05/22/2015,-0.002233813
05/25/2015,0.00217359
05/26/2015,0.001503063
05/27/2015,0.002453817
05/28/2015,0.001370485
05/29/2015,0.000178441
01/06/2015,0.002490499
02/06/2015,0.003251657
03/06/2015,-0.002483674
04/06/2015,0.002647966
05/06/2015,0.001054682
08/06/2015,0.006159484
09/06/2015,0
10/06/2015,-0.000692931
11/06/2015,-0.002550249
12/06/2015,0.000348644
06/15/2015,0.002894535
06/16/2015,-0.001271219
06/17/2015,-0.000196794
06/18/2015,-0.003172549
06/19/2015,-0.000583572
06/22/2015,0.001632031
06/23/2015,0.002494452
06/24/2015,-0.000173567
06/25/2015,0.000693854
06/26/2015,0.000519664
06/29/2015,0.002302123
06/30/2015,0.000286909
01/07/2015,-0.005367785
02/07/2015,0.003988889
03/07/2015,0.001206773
06/07/2015,0.002631749
07/07/2015,-0.000114093
08/07/2015,0.000114093
09/07/2015,-0.000285288
10/07/2015,-0.001830297
07/13/2015,0.001373445
07/14/2015,0.000685097
07/15/2015,-0.000205416
07/16/2015,0.000319494
07/20/2015,-0.000057
07/21/2015,0
07/22/2015,-0.001657287
07/23/2015,0.001657287
07/24/2015,0
07/27/2015,0.000854742
07/28/2015,-0.0000569
07/29/2015,0
07/30/2015,0
07/31/2015,0.000398357
03/08/2015,0.002778315
04/08/2015,0.002872962
05/08/2015,0.001121484
06/08/2015,0.001453613
07/08/2015,0.003612888
10/08/2015,0.000387294
11/08/2015,0.002976141
12/08/2015,0.007028189
08/13/2015,-0.001732848
08/14/2015,0.007957091
08/17/2015,0.004293944
08/18/2015,0.000685215
08/19/2015,-0.001371513
08/20/2015,0.000422465
08/21/2015,0.007483059
08/24/2015,0.004593021
08/25/2015,0.000974272
08/26/2015,0.000409567
08/27/2015,0.000562525
08/28/2015,-0.0035922
01/09/2015,-0.006018992
02/09/2015,0.006533986
03/09/2015,0.00097681
04/09/2015,0.003274235
07/09/2015,0.004462143
08/09/2015,0.003817115
09/09/2015,-0.001151643
10/09/2015,0.001451571
11/09/2015,-0.002606276
09/14/2015,-0.000301733
09/15/2015,-0.00105772
09/17/2015,-0.004817374
09/18/2015,-0.000918818
09/21/2015,-0.000408988
09/22/2015,0.004781459
09/23/2015,0.00542938
09/25/2015,0.004423753
09/28/2015,0.001135928
09/29/2015,0.006850985
09/30/2015,-0.002629735
01/10/2015,-0.003531268
02/10/2015,0.00323809
05/10/2015,-0.004076068
06/10/2015,-0.003169324
07/10/2015,-0.003693597
08/10/2015,-0.010810342
09/10/2015,-0.00987548
12/10/2015,0.004497791
10/13/2015,0.002231547
10/15/2015,-0.008098357
10/16/2015,0.006022872
10/19/2015,0.003316032
10/20/2015,0.003905183
10/21/2015,0.005085474
10/22/2015,-0.0000506
10/23/2015,-0.007075615
10/26/2015,0.00352163
10/27/2015,0.000305769
10/28/2015,0.001576388
10/29/2015,0.000963353
10/30/2015,0.00166813
02/11/2015,-0.001161959
03/11/2015,-0.000962229
04/11/2015,-0.002083682
05/11/2015,0.003602019
06/11/2015,0.000303031
09/11/2015,0.006066434
11/11/2015,0.000398116
12/11/2015,0.000248637
11/13/2015,0.000943525
11/16/2015,0.001485615
11/17/2015,-0.000989845
11/18/2015,0.001335759
11/19/2015,-0.005167867
11/20/2015,-0.006192445
11/23/2015,0.001467982
11/24/2015,-0.003246318
11/25/2015,-0.007290609
11/26/2015,0.001808379
11/27/2015,0.002570406
11/30/2015,0.002555282
01/12/2015,-0.002411788
02/12/2015,-0.001272599
03/12/2015,0.002612999
04/12/2015,-0.003642011
07/12/2015,-0.0009282
08/12/2015,0.005947225
09/12/2015,0.000101828
10/12/2015,-0.000713295
11/12/2015,0.002034885
12/14/2015,0.004041388
12/15/2015,0.000954328
12/16/2015,-0.001910758
12/17/2015,0.002362077
12/18/2015,-0.001405647
12/21/2015,-0.001158052
12/22/2015,-0.000857941
12/23/2015,0.001009166
12/28/2015,-0.000453835
12/29/2015,-0.001161959
12/30/2015,-0.000253012
12/31/2015,0.000202421
04/01/2016,0.00317575
05/01/2016,0.001904364
06/01/2016,0.002691917
07/01/2016,0.004400585
08/01/2016,-0.004301204
11/01/2016,0.002773472
12/01/2016,0.000542714
01/13/2016,-0.000937841
01/14/2016,-0.000148266
01/15/2016,-0.001535049
01/18/2016,0.00306469
01/19/2016,-0.001925264
01/20/2016,-0.00094105
01/21/2016,-0.000347217
01/22/2016,-0.003887891
01/26/2016,-0.004580305
01/27/2016,-0.003046624
01/28/2016,-0.002709078
01/29/2016,-0.00906702
02/02/2016,0.005927962
03/02/2016,0.003395354
04/02/2016,-0.009218617
05/02/2016,-0.000943207
10/02/2016,0.002249829
11/02/2016,-0.005514424
12/02/2016,0.005931714
02/15/2016,-0.001985708
02/16/2016,0.000157097
02/17/2016,0.006134499
02/18/2016,-0.004097393
02/19/2016,0.006003213
02/22/2016,-0.001596199
02/23/2016,-0.00243129
02/24/2016,0.005669048
02/25/2016,-0.00297991
02/26/2016,0.00092699
02/29/2016,-0.000154361
01/03/2016,-0.002632565
02/03/2016,-0.00332635
03/03/2016,-0.001987143
04/03/2016,-0.00147005
07/03/2016,-0.003378919
08/03/2016,0.000794296
09/03/2016,0.003267765
10/03/2016,-0.001683518
11/03/2016,-0.001531346
03/14/2016,-0.001377536
03/15/2016,0.002697983
03/16/2016,0.001894417
03/17/2016,-0.005548645
03/18/2016,-0.002720851
03/21/2016,0.001442574
03/22/2016,-0.002943655
03/23/2016,-0.006656192
03/24/2016,0.004880374
03/25/2016,0.002151575
03/28/2016,-0.001020669
03/29/2016,-0.003781195
03/30/2016,-0.004745839
03/31/2016,-0.004077912
01/04/2016,-0.002331639
04/04/2016,-0.002344225
05/04/2016,0.004509733
06/04/2016,-0.000720637
07/04/2016,-0.000999783
08/04/2016,0.003323698
11/04/2016,-0.006034666
12/04/2016,0.001262761
04/13/2016,-0.003023333
04/14/2016,0.004304685
04/15/2016,0.000222458
04/18/2016,0.003157713
04/19/2016,-0.004271147
04/20/2016,-0.002403592
04/21/2016,0.000784026
04/22/2016,0.002510541
04/25/2016,0.001111154
04/26/2016,0.002600077
04/27/2016,-0.000607135
04/28/2016,-0.001604708
04/29/2016,-0.001388144
03/05/2016,0.001997525
04/05/2016,0.005938035
05/05/2016,0.002884603
06/05/2016,0.000704628
09/05/2016,-0.000975943
10/05/2016,0.006304777
11/05/2016,-0.000481747
12/05/2016,-0.003009601
05/13/2016,0.000107846
05/16/2016,0.000861803
05/17/2016,-0.002319983
05/18/2016,0.002266171
05/19/2016,0.004816624
05/20/2016,-0.0000532
05/23/2016,-0.001225993
05/24/2016,0.005358126
05/25/2016,-0.001320125
05/26/2016,-0.002492752
05/27/2016,0.000319021
05/30/2016,0.00254377
05/31/2016,0.001055522
01/06/2016,0.001578489
02/06/2016,0.00293125
03/06/2016,-0.00130615
06/06/2016,-0.00468204
07/06/2016,-0.003025345
08/06/2016,-0.001547337
09/06/2016,-0.002896022
10/06/2016,0.003750407
06/13/2016,0.002553116
06/14/2016,-0.000212187
06/15/2016,0.000901081
06/16/2016,-0.000529821
06/17/2016,0.000264991
06/20/2016,-0.002284228
06/21/2016,-0.002296306
06/23/2016,-0.003818353
06/24/2016,0.010143786
06/27/2016,-0.000633698
06/28/2016,-0.001853586
06/29/2016,-0.003624027
06/30/2016,-0.003762476
01/07/2016,-0.003196743
04/07/2016,0.000217473
05/07/2016,0.000597491
08/07/2016,0.004535754
11/07/2016,-0.006167215
12/07/2016,0.001740008
07/13/2016,-0.001631053
07/14/2016,-0.002951421
07/15/2016,-0.000109698
07/18/2016,0.002188713
07/19/2016,0.000872406
07/20/2016,0.003634285
07/21/2016,0.003282583
07/22/2016,0.002192466
07/25/2016,0.001118698
07/26/2016,-0.000585626
07/27/2016,0.0000533
07/28/2016,-0.002403702
07/29/2016,-0.0000536
01/08/2016,-0.002255801
02/08/2016,0.002095061
03/08/2016,0.000696114
04/08/2016,-0.001178693
05/08/2016,-0.001020543
08/08/2016,0.000537427
09/08/2016,-0.001129365
10/08/2016,-0.003894559
11/08/2016,0.002492216
12/08/2016,-0.000973512
08/15/2016,0.001189552
08/16/2016,-0.002816938
08/17/2016,0.000488856
08/18/2016,-0.000597566
08/19/2016,0.001790236
08/22/2016,0.002483232
08/23/2016,-0.000484734
08/24/2016,0.000699997
08/25/2016,-0.000376782
08/26/2016,-0.00129431
08/29/2016,0.001778683
08/30/2016,0.001342654
01/09/2016,0.002886043
02/09/2016,0.000851454
05/09/2016,-0.001064578
06/09/2016,0.000532615
07/09/2016,-0.001973948
08/09/2016,-0.000213938
09/09/2016,0.000374323
09/13/2016,0.004413978
09/14/2016,0.002795274
09/15/2016,-0.000210338
09/19/2016,0.000315468
09/20/2016,0.00131199
09/21/2016,0.000680671
09/22/2016,-0.003730579
09/23/2016,0.000580079
09/26/2016,0.001315487
09/27/2016,-0.001526335
09/28/2016,0.002313719
09/29/2016,-0.002788502
09/30/2016,0.003312632
04/10/2016,-0.002152967
05/10/2016,0.001733713
06/10/2016,-0.000839724
07/10/2016,0.002096273
10/10/2016,-0.00062782
11/10/2016,0.000784633
12/10/2016,0.002916836
10/13/2016,0.002587867
10/14/2016,0.000464183
10/17/2016,0.000721077
10/18/2016,-0.00092732
10/19/2016,-0.002119649
10/20/2016,-0.001193616
10/21/2016,0.001452665
10/24/2016,-0.001068274
10/25/2016,-0.000748318
10/26/2016,-0.001510953
10/27/2016,0.002290423
10/28/2016,0.00150302
10/31/2016,0.000723738
01/11/2016,-0.001604188
02/11/2016,0.00077696
03/11/2016,-0.000932519
04/11/2016,0.000984267
07/11/2016,0.001343286
08/11/2016,-0.000361246
09/11/2016,0.001443183
10/11/2016,0.003229732
11/11/2016,0.002647835
11/14/2016,0.005297878
11/15/2016,0.000551294
11/16/2016,0.001300284
11/17/2016,0.003976628
11/18/2016,0.002319401
11/21/2016,0.00191525
11/22/2016,-0.000539344
11/23/2016,0.001811501
11/24/2016,0.001852629
11/25/2016,0.000145924
11/28/2016,-0.00038924
11/29/2016,0.000194664
11/30/2016,0.000291832
01/12/2016,0.000194446
02/12/2016,-0.001948386
05/12/2016,0.000146433
06/12/2016,-0.000537161
07/12/2016,-0.000782513
08/12/2016,-0.000685857
09/12/2016,-0.000441481
12/13/2016,0
12/14/2016,0.001763237
12/15/2016,0.002145391
12/16/2016,0.001068734
12/19/2016,0.000387979
12/20/2016,0
12/21/2016,0
12/22/2016,-0.000485029
12/23/2016,0.000485029
12/27/2016,-0.000097
12/28/2016,0.000290822
12/29/2016,0.000290628
12/30/2016,0.000145241
03/01/2017,0.000628817
04/01/2017,0.00067617
05/01/2017,-0.001159795
06/01/2017,-0.001454112
09/01/2017,0.000582229
10/01/2017,-0.000388066
11/01/2017,0.0000485
12/01/2017,-0.001214811
01/13/2017,0.0000973
01/16/2017,0.00024318
01/17/2017,0.0000972
01/18/2017,-0.002095338
01/19/2017,0.000585763
01/20/2017,-0.000439248
01/23/2017,-0.000684159
01/24/2017,-0.000489346
01/25/2017,0.0003426
01/26/2017,-0.000293641
01/27/2017,-0.000587878
01/31/2017,0
02/02/2017,0.000832592
03/02/2017,-0.001224953
06/02/2017,-0.000294504
07/02/2017,0.001323696
08/02/2017,0.000391433
10/02/2017,0.000537644
02/13/2017,0.00029298
02/14/2017,0.0000976
02/15/2017,0.0000488
02/16/2017,0.000682623
02/17/2017,0.0000974
02/20/2017,-0.0000487
02/21/2017,0.000194816
02/22/2017,-0.000243534
02/23/2017,-0.000682623
02/24/2017,-0.000390553
02/27/2017,-0.000293145
02/28/2017,0.000195452
01/03/2017,0.000244191
02/03/2017,0.000244054
03/03/2017,0.000536437
06/03/2017,-0.000341292
07/03/2017,0
08/03/2017,-0.00029275
09/03/2017,0.001023763
10/03/2017,-0.000194816
03/13/2017,-0.001073055
03/14/2017,0.000146482
03/15/2017,0.000292816
03/16/2017,-0.001270296
03/17/2017,0.000391256
03/20/2017,-0.00092981
03/21/2017,-0.000343064
03/22/2017,0.00019607
03/23/2017,0
03/24/2017,-0.000098
03/27/2017,-0.001522205
03/28/2017,0.000295037
03/29/2017,0.00044218
03/30/2017,0.0000491
03/31/2017,0.000392627
03/04/2017,-0.0000491
04/04/2017,0.000539344
05/04/2017,-0.000196048
06/04/2017,0.00068578
07/04/2017,0.0000979
10/04/2017,0.000195694
11/04/2017,-0.000489401
12/04/2017,-0.000195915
04/13/2017,-0.000882713
04/14/2017,-0.002066667
04/17/2017,0.000147946
04/18/2017,0.000443535
04/19/2017,-0.000147795
04/20/2017,-0.000591682
04/21/2017,-0.000592489
04/25/2017,-0.001484769
04/26/2017,-0.002485951
04/27/2017,-0.000898437
04/28/2017,0.000149869
02/05/2017,-0.002002514
03/05/2017,-0.001306603
04/05/2017,0.000854762
05/05/2017,0.001354115
08/05/2017,-0.00030055
09/05/2017,0.00070096
11/05/2017,0.001099227
12/05/2017,-0.000349452
05/15/2017,-0.001150185
05/16/2017,-0.002309548
05/17/2017,0.000402544
05/18/2017,0.00100473
05/19/2017,0.000150509
05/22/2017,-0.002212714
05/23/2017,-0.000908461
05/24/2017,0.000403995
05/25/2017,-0.00237887
05/26/2017,-0.000101518
05/29/2017,-0.000914732
05/30/2017,0.001472789
05/31/2017,-0.000710378
01/06/2017,0.00131835
02/06/2017,-0.000760098
05/06/2017,-0.001422419
06/06/2017,-0.00106988
07/06/2017,0.001476761
08/06/2017,-0.000865078
09/06/2017,0.00040731
06/13/2017,-0.000662073
06/14/2017,0.000101923
06/15/2017,-0.000765007
06/16/2017,0.002494051
06/19/2017,-0.000914518
06/20/2017,0.001320354
06/21/2017,0.000557405
06/22/2017,-0.00020261
06/23/2017,0.00030388
06/28/2017,0.000859839
06/29/2017,-0.000151613
06/30/2017,-0.000202233
03/07/2017,0.000404371
04/07/2017,0
05/07/2017,-0.000101057
06/07/2017,0.000151577
07/07/2017,0
10/07/2017,0.000101022
11/07/2017,-0.000303137
12/07/2017,-0.000101093
07/13/2017,-0.000708309
07/14/2017,0.000708309
07/17/2017,-0.00035401
07/18/2017,-0.00045558
07/19/2017,-0.000253307
07/20/2017,0.000455846
07/21/2017,0.000101234
07/24/2017,-0.000709135
07/25/2017,-0.000152108
07/26/2017,0.000354836
07/27/2017,-0.000913023
07/28/2017,0.000355293
07/31/2017,-0.000101483
01/08/2017,-0.000152268
02/08/2017,0.000963465
03/08/2017,-0.000151984
04/08/2017,-0.000862249
07/08/2017,0.000355251
08/08/2017,0.00030427
09/08/2017,0.000456005
10/08/2017,0.00065783
11/08/2017,0.000101116
08/14/2017,-0.000404607
08/15/2017,0.000252923
08/16/2017,0.000454891
08/17/2017,-0.000556043
08/18/2017,0.000303384
08/21/2017,-0.000758858
08/22/2017,-0.000506643
08/23/2017,-0.0000507
08/24/2017,-0.000456538
08/25/2017,-0.00020306
08/28/2017,-0.00111853
08/29/2017,0.000305339
08/30/2017,0.000101732
05/09/2017,-0.000203488
06/09/2017,-0.002142401
07/09/2017,-0.003079024
08/09/2017,-0.003308532
11/09/2017,0.001554013
12/09/2017,0.000568415
09/13/2017,-0.000154948
09/14/2017,-0.000413466
09/15/2017,-0.000776312
09/18/2017,-0.000673928
09/19/2017,0.000518499
09/20/2017,0.000310802
09/21/2017,0.000776034
09/25/2017,-0.000827819
09/26/2017,0.001137845
09/27/2017,0.001495346
09/28/2017,0.001336292
09/29/2017,-0.000410729
02/10/2017,0.000308083
03/10/2017,0.000974157
04/10/2017,-0.001384983
05/10/2017,0.000359494
06/10/2017,0.000666843
09/10/2017,-0.000461552
10/10/2017,-0.000873161
11/10/2017,-0.000823405
12/10/2017,0.000205998
10/13/2017,0.0000515
10/16/2017,0.0000515
10/17/2017,0.000463028
10/19/2017,0.000308411
10/20/2017,-0.000205583
10/23/2017,0.000975655
10/24/2017,0.0000513
10/25/2017,-0.0000513
10/26/2017,-0.0000513
10/27/2017,0.000871203
10/30/2017,-0.000307284
10/31/2017,-0.000820488
01/11/2017,0.000307865
02/11/2017,-0.000615948
03/11/2017,0.000513351
06/11/2017,0.00076889
07/11/2017,-0.001384983
08/11/2017,0.000205462
09/11/2017,-0.000102719
10/11/2017,-0.003506969
11/13/2017,-0.000569974
11/14/2017,0.000155522
11/15/2017,-0.000726245
11/16/2017,-0.000415543
11/17/2017,-0.001718331
11/20/2017,-0.000417591
11/21/2017,-0.001569552
11/22/2017,-0.001943625
11/23/2017,-0.001371013
11/24/2017,0.000844213
11/27/2017,-0.00026364
11/28/2017,0.0000527
11/29/2017,-0.001108905
11/30/2017,-0.002120065
04/12/2017,-0.000531637
05/12/2017,-0.003149977
06/12/2017,0.001551149
07/12/2017,0.001652021
08/12/2017,0.000584694
11/12/2017,-0.000637887
12/12/2017,-0.000212837
12/13/2017,-0.000479266
12/14/2017,0.000372808
12/15/2017,0.001063405
12/18/2017,-0.000212473
12/19/2017,-0.001383613
12/20/2017,0
12/21/2017,0.000319687
12/22/2017,0.001435686
12/26/2017,-0.001222692
12/27/2017,0.000478855
12/28/2017,-0.000691848
12/29/2017,-0.001600792
02/01/2018,-0.003165543
03/01/2018,-0.000754545
04/01/2018,-0.000593778
05/01/2018,-0.002763628
08/01/2018,-0.000761729
09/01/2018,0.001522125
10/01/2018,0.000759067
11/01/2018,-0.002063419
12/01/2018,-0.002073269
01/15/2018,-0.001424277
01/16/2018,-0.000274436
01/17/2018,-0.000439458
01/18/2018,0.001042988
01/19/2018,-0.002639762
01/22/2018,0.000551275
01/23/2018,-0.00160063
01/24/2018,-0.001051896
01/25/2018,-0.00216717
01/26/2018,-0.002570128
01/29/2018,-0.000616856
01/30/2018,0.002796857
02/02/2018,-0.000669605
05/02/2018,0.001004021
06/02/2018,0.001779214
07/02/2018,-0.000666351
08/02/2018,0.001995995
09/02/2018,0.001435868
12/02/2018,-0.000717341
02/13/2018,0.000165645
02/14/2018,-0.000773553
02/15/2018,-0.003553894
02/19/2018,-0.000725452
02/20/2018,0.000725452
02/21/2018,0.001558408
02/22/2018,0.001109735
02/23/2018,-0.001443209
02/26/2018,0.000833206
02/27/2018,-0.000277558
02/28/2018,0.001662691
01/03/2018,0.000552819
02/03/2018,-0.001605117
05/03/2018,-0.001889448
06/03/2018,0.000612192
07/03/2018,-0.000166876
08/03/2018,0.000278091
09/03/2018,0.000999655
12/03/2018,-0.000666181
03/13/2018,-0.0000556
03/14/2018,-0.001279874
03/15/2018,0.002001617
03/16/2018,0.001052701
03/19/2018,-0.001108177
03/20/2018,0.000166407
03/21/2018,0.000997105
03/22/2018,-0.001663116
03/23/2018,0.00038863
03/26/2018,-0.001055664
03/27/2018,-0.003126442
03/28/2018,-0.001965518
03/29/2018,0.001124242
03/30/2018,-0.000674196
02/04/2018,0.000224848
03/04/2018,0.000393205
04/04/2018,-0.000280824
05/04/2018,0.000224674
06/04/2018,0.000505092
09/04/2018,-0.000954555
10/04/2018,0.000168603
11/04/2018,0.00067376
12/04/2018,0.000672717
04/13/2018,0.000335968
04/16/2018,0.000782916
04/17/2018,0.000279271
04/18/2018,0.000279092
04/19/2018,-0.000334931
04/20/2018,0.000390728
04/23/2018,0.000724707
04/24/2018,0.001001448
04/25/2018,0.00011113
04/26/2018,0.001331342
04/27/2018,-0.000110789
04/30/2018,0
02/05/2018,0.000774933
03/05/2018,0.001237024
04/05/2018,-0.000353076
07/05/2018,0.000771981
08/05/2018,0.000935565
05/14/2018,0.000549392
05/15/2018,-0.000329552
05/16/2018,0.001371486
05/17/2018,0.000383241
05/18/2018,0.000983928
05/21/2018,-0.000109215
05/22/2018,0.0000546
05/23/2018,-0.000109229
05/24/2018,0.001254478
05/25/2018,-0.000272405
05/28/2018,-0.000272575
05/30/2018,0.001415528
05/31/2018,-0.002015797
01/06/2018,0.000763835
04/06/2018,-0.000490882
05/06/2018,-0.000600722
06/06/2018,-0.000163978
07/06/2018,0.000273261
08/06/2018,0.000927805
11/06/2018,0.00049039
12/06/2018,0.000217773
06/13/2018,0.000652666
06/14/2018,-0.000435001
06/18/2018,0.000760967
06/19/2018,-0.0000543
06/20/2018,0.001030741
06/21/2018,0.000487393
06/22/2018,0.000162343
06/25/2018,0
06/26/2018,0.000702786
06/27/2018,0.000809496
06/28/2018,0.001184538
06/29/2018,0
02/07/2018,0.000161278
03/07/2018,0.000966412
04/07/2018,-0.000268232
05/07/2018,-0.000107339
06/07/2018,0.000107339
09/07/2018,-0.001559021
10/07/2018,-0.002538636
11/07/2018,0.002323158
12/07/2018,0.001130065
07/13/2018,-0.0000537
07/16/2018,0.000912779
07/17/2018,-0.000375618
07/18/2018,0.001340003
07/19/2018,0
07/20/2018,0.000855437
07/23/2018,-0.000801923
07/24/2018,0.001015519
07/25/2018,-0.000427298
07/26/2018,-0.000909406
07/27/2018,0.000802515
07/30/2018,0.000267176
07/31/2018,-0.000481035
01/08/2018,0.000534451
02/08/2018,0.000747128
03/08/2018,0.0010651
06/08/2018,-0.000532224
07/08/2018,0.000744931
08/08/2018,-0.000904725
09/08/2018,-0.000426406
10/08/2018,0.000799168
08/13/2018,0.001381751
08/14/2018,0.000424271
08/15/2018,0.000688558
08/16/2018,-0.000264701
08/17/2018,0.000370536
08/20/2018,-0.000105835
08/21/2018,-0.000953679
08/23/2018,0.001165323
08/24/2018,0.000475823
08/27/2018,-0.001058094
08/28/2018,-0.000264927
08/29/2018,0.000635553
08/30/2018,0.000476055
03/09/2018,0.001741085
04/09/2018,0.001209369
05/09/2018,0.000839318
06/09/2018,0.000314327
07/09/2018,-0.000314327
12/09/2018,0.000628426
09/13/2018,-0.000733252
09/14/2018,-0.000104851
09/18/2018,0.000471632
09/19/2018,-0.000209551
09/20/2018,-0.00068174
09/21/2018,-0.000682812
09/24/2018,0.000367801
09/25/2018,0
09/26/2018,0.000734669
09/27/2018,-0.000419659
09/28/2018,0.000314782
01/10/2018,0.000104877
02/10/2018,-0.000367179
03/10/2018,0.00010494
04/10/2018,0.000838609
05/10/2018,-0.000157116
08/10/2018,0.000680425
09/10/2018,0.000574913
10/10/2018,-0.000470327
11/10/2018,0.000626989
12/10/2018,-0.000313381
10/15/2018,0.000208946
10/16/2018,-0.000261198
10/17/2018,-0.000156794
10/18/2018,0.000209047
10/19/2018,0.000417792
10/22/2018,-0.000208846
10/23/2018,0.000469762
10/24/2018,0
10/25/2018,0.000729732
10/26/2018,0.00083248
10/29/2018,0.000155913
10/30/2018,0.000103911
10/31/2018,0.000259668
01/11/2018,0.000207623
02/11/2018,-0.001247227
05/11/2018,-0.000312367
07/11/2018,0.00020827
08/11/2018,-0.000468747
09/11/2018,0.001196906
12/11/2018,0.000623166
11/13/2018,0.001088393
11/14/2018,-0.000258894
11/15/2018,-0.000362711
11/16/2018,0.000310914
11/19/2018,-0.000103613
11/21/2018,0.000879925
11/22/2018,-0.000724514
11/23/2018,0.000362408
11/26/2018,-0.000362408
11/27/2018,0.000103576
11/28/2018,0.000155318
11/29/2018,-0.000517942
11/30/2018,-0.00020735
03/12/2018,-0.001038237
04/12/2018,-0.002136178
05/12/2018,-0.000104473
06/12/2018,0.000939354
07/12/2018,-0.000365063
10/12/2018,0.00088605
11/12/2018,0.001040102
12/12/2018,0.000207722
12/13/2018,0
12/14/2018,-0.000103849
12/17/2018,0.00057086
12/18/2018,-0.000986502
12/19/2018,0.000259823
12/20/2018,0.000415394
12/21/2018,-0.000467346
12/24/2018,0.00031162
12/26/2018,-0.00031162
12/27/2018,-0.000311844
12/28/2018,-0.002136947
12/31/2018,-0.001832579
02/01/2019,0.0000525
03/01/2019,0.000367091
04/01/2019,-0.00031463
07/01/2019,-0.003053234
08/01/2019,0.000264057
09/01/2019,0.000105578
10/01/2019,-0.001957357
11/01/2019,0.000053
01/14/2019,0.000159014
01/15/2019,0
01/16/2019,0.001586949
01/17/2019,-0.00036977
01/18/2019,0.000739225
01/22/2019,0.001264323
01/23/2019,0.000578253
01/24/2019,0.000262588
01/25/2019,0
01/28/2019,-0.002738708
01/29/2019,0.00036968
01/30/2019,-0.00047536
01/31/2019,-0.002119031
04/02/2019,0.000371578
07/02/2019,-0.001488221
08/02/2019,-0.000639374
11/02/2019,0
12/02/2019,0.000479618
02/13/2019,-0.001280162
02/14/2019,-0.000213728
02/15/2019,0.00186656
02/18/2019,-0.000212916
02/19/2019,0.00101042
02/20/2019,-0.001969834
02/21/2019,0
02/22/2019,0.001385141
02/25/2019,-0.001278434
02/26/2019,0.00016001
02/27/2019,-0.000693804
02/28/2019,0.000533794
01/03/2019,0.000266651
04/03/2019,-0.000106641
05/03/2019,0.000532942
06/03/2019,0.001329501
07/03/2019,-0.000265575
08/03/2019,0.00058405
11/03/2019,-0.000530922
12/03/2019,-0.000637965
03/13/2019,0.000903507
03/14/2019,-0.0000531
03/15/2019,0.000106184
03/18/2019,-0.000850204
03/19/2019,-0.000851871
03/20/2019,0.000266389
03/21/2019,-0.001761197
03/22/2019,0
03/25/2019,0.001228255
03/26/2019,-0.000480208
03/27/2019,0.001066408
03/28/2019,-0.0000533
03/29/2019,0.000425883
01/04/2019,-0.000532419
02/04/2019,0.000798385
03/04/2019,-0.000319178
04/04/2019,-0.000106445
05/04/2019,0.000266063
08/04/2019,0.001274838
09/04/2019,0.000318126
10/04/2019,0.000053
11/04/2019,0.002114646
12/04/2019,0.000263608
04/15/2019,-0.000738507
04/16/2019,0.000263897
04/17/2019,0.002944737
04/18/2019,0.000157192
04/19/2019,-0.001311673
04/22/2019,0.000420166
04/23/2019,-0.001051179
04/24/2019,0.000631013
04/25/2019,0.000315163
04/26/2019,-0.00026262
04/29/2019,-0.0000525
04/30/2019,0.000315163
02/05/2019,0.000105004
03/05/2019,0.000524637
06/05/2019,0.000733429
07/05/2019,-0.0001047
08/05/2019,-0.000104725
09/05/2019,0.000575675
10/05/2019,0.000365942
05/13/2019,0.00073096
05/14/2019,0.000833879
05/15/2019,0.000312292
05/16/2019,-0.000260228
05/17/2019,0.000260228
05/21/2019,0.001143154
05/23/2019,0.00088129
05/24/2019,-0.0000518
05/27/2019,-0.000621976
05/28/2019,0.000621976
05/29/2019,0.000310654
05/30/2019,0.000103502
05/31/2019,0.0000517
03/06/2019,-0.001710741
04/06/2019,-0.000363753
07/06/2019,-0.001927769
10/06/2019,0.000521863
11/06/2019,0.000104297
12/06/2019,-0.0000521
06/13/2019,-0.000156474
06/14/2019,0.000625559
06/17/2019,0.000728682
06/18/2019,0.000623613
06/19/2019,-0.000519615
06/20/2019,-0.002084701
06/21/2019,-0.000679688
06/24/2019,-0.000575953
06/25/2019,-0.000104801
06/26/2019,0.000942298
06/27/2019,-0.000366206
06/28/2019,-0.00073334
01/07/2019,-0.000892153
02/07/2019,0.000892153
03/07/2019,-0.000157306
04/07/2019,-0.000839927
05/07/2019,0.000315163
08/07/2019,0.000839318
09/07/2019,-0.000104826
10/07/2019,-0.000209728
11/07/2019,-0.001892125
12/07/2019,-0.001107558
07/15/2019,-0.000581279
07/16/2019,0.000211464
07/17/2019,0.000739315
07/18/2019,-0.000316695
07/19/2019,-0.000316926
07/22/2019,0.000528082
07/23/2019,0.000422004
07/24/2019,0.000263544
07/25/2019,-0.000263544
07/26/2019,0.000158146
07/29/2019,0
07/31/2019,0.000789866
01/08/2019,0.001785062
02/08/2019,0.000994348
05/08/2019,0.002241996
06/08/2019,0.001557357
07/08/2019,0.000569635
08/08/2019,-0.00139953
09/08/2019,0.00051887
08/13/2019,0.000570042
08/14/2019,-0.000673767
08/15/2019,0.000725552
08/16/2019,-0.001088783
08/19/2019,-0.001560154
08/20/2019,0.001404391
08/21/2019,-0.000831683
08/22/2019,0.00072781
08/23/2019,0.000985795
08/26/2019,0.001551977
08/27/2019,0.000258125
08/28/2019,0.000309547
08/29/2019,0.001493042
08/30/2019,-0.000308484
03/09/2019,0.000308484
04/09/2019,-0.001286799
05/09/2019,-0.002015051
06/09/2019,-0.001660387
10/09/2019,-0.000624285
11/09/2019,0.000988038
12/09/2019,-0.000779843
09/13/2019,-0.000885518
09/17/2019,0.001561463
09/18/2019,0.000571133
09/19/2019,0.001346972
09/20/2019,-0.001918105
09/23/2019,-0.001770083
09/24/2019,0.001562212
09/25/2019,0.000779004
09/26/2019,0.000881185
09/27/2019,0.000103551
09/30/2019,-0.000777238
01/10/2019,0.000518313
02/10/2019,-0.000207251
03/10/2019,-0.000103663
04/10/2019,-0.000518685
07/10/2019,0.000933187
08/10/2019,-0.000207202
09/10/2019,0.000704082
10/10/2019,-0.000496881
11/10/2019,-0.000777516
10/14/2019,-0.000623017
10/15/2019,0.000986031
10/16/2019,0.000466287
10/17/2019,-0.000518128
10/18/2019,-0.0000518
10/21/2019,-0.000311211
10/22/2019,-0.0000519
10/23/2019,0.000984854
10/24/2019,-0.00103675
10/25/2019,0.000414997
10/29/2019,-0.000674572
10/30/2019,0.000311471
10/31/2019,-0.000727114
01/11/2019,-0.000572159
04/11/2019,-0.002034659
05/11/2019,-0.000104599
06/11/2019,-0.001624512
07/11/2019,0.001048768
08/11/2019,-0.001311356
11/11/2019,0.000839724
12/11/2019,0.000262081
11/13/2019,0.000942184
11/14/2019,0.000574775
11/15/2019,-0.000940937
11/18/2019,0.000470723
11/19/2019,0.000731224
11/20/2019,-0.000208795
11/21/2019,0.001511497
11/22/2019,-0.000572708
11/25/2019,0.000884775
11/26/2019,0.000415742
11/27/2019,0.000207722
11/28/2019,-0.000883505
11/29/2019,-0.000291431
02/12/2019,0.000863316
03/12/2019,-0.000675945
04/12/2019,0.000883716
05/12/2019,-0.000883716
06/12/2019,-0.001094138
09/12/2019,0.000104322
10/12/2019,-0.000260853
11/12/2019,0.000208695
12/12/2019,-0.000887648
12/13/2019,-0.001361098
12/16/2019,-0.000157325
12/17/2019,0.000157325
12/18/2019,0.000209677
12/19/2019,-0.000314554
12/20/2019,0
12/23/2019,0.000419355
12/24/2019,-0.000209627
12/26/2019,-0.000734492
12/27/2019,-0.000420268
12/30/2019,-0.001896255
12/31/2019,-0.002222814
02/01/2020,-0.000637185
03/01/2020,0.001379387
06/01/2020,0.000899544
07/01/2020,-0.001323505
08/01/2020,0.000900422
09/01/2020,-0.001356641
10/01/2020,-0.000871331
01/13/2020,-0.001972252
01/14/2020,-0.00032067
01/15/2020,0.001867248
01/16/2020,-0.001119385
01/17/2020,-0.000640946
01/20/2020,-0.000534845
01/21/2020,0.001229161
01/22/2020,0.000480031
01/23/2020,-0.000853755
01/24/2020,-0.000106838
01/28/2020,0.002025432
01/29/2020,-0.000532093
01/30/2020,0.001063535
01/31/2020,0
03/02/2020,0.002858604
04/02/2020,0.000158261
05/02/2020,0.000421748
06/02/2020,0.0000527
07/02/2020,0.00142021
10/02/2020,0.001101406
11/02/2020,-0.000524131
12/02/2020,-0.000682317
02/13/2020,0.000524954
02/14/2020,0.000209804
02/17/2020,-0.000314744
02/18/2020,0.001205283
02/19/2020,0.00104536
02/20/2020,0.002602444
02/21/2020,0.000725898
02/24/2020,0.003097323
02/25/2020,0.00035992
02/26/2020,0.001487926
02/27/2020,-0.001744981
02/28/2020,0.000359834
02/03/2020,-0.002525125
03/03/2020,0.000361632
04/03/2020,-0.002278136
05/03/2020,-0.001820726
06/03/2020,0.002287681
09/03/2020,0.002172511
10/03/2020,0.001802161
11/03/2020,0.000975193
12/03/2020,0.001790697
03/13/2020,0.004267785
03/16/2020,0.000606274
03/17/2020,0.002918454
03/18/2020,0.00279933
03/19/2020,0.004806549
03/20/2020,-0.00019716
03/23/2020,0.003975151
03/24/2020,-0.000978141
03/25/2020,-0.004033572
03/26/2020,-0.003124613
03/27/2020,-0.010020107
03/30/2020,0.009522063
03/31/2020,-0.005516517
01/04/2020,0.002516198
02/04/2020,0.005831551
03/04/2020,-0.002582138
06/04/2020,0.001491568
07/04/2020,-0.0024888
08/04/2020,-0.001019541
09/04/2020,0.00012007
10/04/2020,-0.003314091
04/13/2020,0.001459307
04/14/2020,0.0000502
04/15/2020,0.000702661
04/16/2020,0.004390882
04/17/2020,-0.000894531
04/20/2020,0.002282371
04/21/2020,0.000415489
04/22/2020,0.000276772
04/23/2020,-0.002974631
04/24/2020,0
04/27/2020,-0.001095823
04/28/2020,0.0016427
04/29/2020,-0.001044635
04/30/2020,-0.003399974
04/05/2020,0.001253087
05/05/2020,-0.002862332
06/05/2020,0.000100753
08/05/2020,-0.000554429
12/05/2020,0.003966187
05/13/2020,-0.000800359
05/14/2020,-0.00020032
05/15/2020,0.001050652
05/18/2020,0.000948405
05/19/2020,-0.000548824
05/20/2020,0.000648536
05/21/2020,-0.000349091
05/22/2020,0.000946881
05/27/2020,-0.000398435
05/28/2020,0.000199263
05/29/2020,-0.001147015
01/06/2020,-0.002554239
02/06/2020,-0.003176119
03/06/2020,-0.002995671
04/06/2020,0.001271876
05/06/2020,-0.000762679
09/06/2020,-0.00056015
10/06/2020,0.000611037
11/06/2020,-0.001376044
12/06/2020,0.001223366
06/15/2020,0.00066122
06/16/2020,-0.000966739
06/17/2020,0.001626954
06/18/2020,-0.000355376
06/19/2020,0.000355376
06/22/2020,-0.000507769
06/23/2020,0.000203179
06/24/2020,0.0000508
06/25/2020,0.00025381
06/26/2020,-0.000101506
06/29/2020,0.000710046
06/30/2020,-0.000507057
01/07/2020,0.000152179
02/07/2020,0.000456218
03/07/2020,0.000101317
06/07/2020,-0.000304021
07/07/2020,-0.001014944
08/07/2020,0.000457018
09/07/2020,-0.001372501
10/07/2020,0.000305375
07/13/2020,-0.000763841
07/14/2020,0.001018157
07/15/2020,-0.00050878
07/16/2020,0.000203583
07/17/2020,0.000203488
07/20/2020,-0.000478348
07/21/2020,-0.000234278
07/22/2020,-0.000917955
07/23/2020,-0.000102115
07/24/2020,0.001223796
07/27/2020,-0.001325935
07/28/2020,-0.000408796
07/29/2020,0.000153344
07/30/2020,-0.00066488
03/08/2020,-0.000922287
04/08/2020,-0.001644473
05/08/2020,-0.001754102
06/08/2020,-0.001346169
07/08/2020,0.001035885
10/08/2020,-0.000362279
11/08/2020,0.000465731
12/08/2020,0
08/13/2020,-0.000931963
08/14/2020,0.001345527
08/17/2020,-0.001552902
08/18/2020,0.0000519
08/19/2020,-0.000570723
08/21/2020,-0.000571474
08/24/2020,0.000363753
08/25/2020,-0.00093598
08/26/2020,-0.000156193
08/27/2020,0.000156193
08/28/2020,0.000312217
01/09/2020,-0.002818071
02/09/2020,0.000209374
03/09/2020,-0.000733252
04/09/2020,0.000523878
07/09/2020,0.0001047
08/09/2020,0.001880292
09/09/2020,0.000729032
10/09/2020,-0.000833279
11/09/2020,-0.000939354
09/14/2020,-0.00083669
09/15/2020,-0.001520622
09/17/2020,0.001363563
09/18/2020,-0.002046953
09/21/2020,-0.001792429
09/22/2020,0.002738376
09/23/2020,0.000472202
09/24/2020,0.002353338
09/25/2020,0.000521237
09/28/2020,-0.000156305
09/29/2020,-0.000260634
09/30/2020,-0.000626161
01/10/2020,-0.001097958
02/10/2020,0.001306779
05/10/2020,-0.000104398
06/10/2020,-0.000993032
07/10/2020,0.000993032
08/10/2020,-0.000417842
09/10/2020,-0.000836892
12/10/2020,-0.000943435
10/13/2020,0.001728069
10/14/2020,-0.00094173
10/15/2020,0.00020945
10/16/2020,0.000680016
10/19/2020,-0.000784728
10/20/2020,-0.000157116
10/21/2020,-0.0000524
10/22/2020,0.000471234
10/23/2020,-0.000314099
10/26/2020,0.001881197
10/27/2020,0.0000521
10/28/2020,-0.0000521
10/30/2020,-0.000782842
02/11/2020,-0.000208996
03/11/2020,0.000365678
04/11/2020,0.000521863
05/11/2020,-0.001148928
06/11/2020,-0.000994708
09/11/2020,-0.002997867
10/11/2020,0.000105539
11/11/2020,0.000790729
12/11/2020,0.001157137
11/13/2020,-0.000262715
11/16/2020,-0.00179069
11/17/2020,-0.000919276
11/18/2020,-0.000825836
11/19/2020,-0.000318048
11/20/2020,-0.000477509
11/23/2020,-0.000106184
11/24/2020,0.000530663
11/25/2020,-0.000796238
11/26/2020,-0.000425258
11/27/2020,-0.001118287
11/30/2020,-0.000373403
01/12/2020,0.000959532
02/12/2020,-0.000692782
03/12/2020,0.000106654
04/12/2020,-0.000907394
07/12/2020,0.000747403
08/12/2020,-0.000213413
09/12/2020,-0.0000534
10/12/2020,-0.000640946
11/12/2020,-0.000856069
12/14/2020,-0.000535901
12/15/2020,0.001659147
12/16/2020,-0.001498307
12/17/2020,-0.00101966
12/18/2020,-0.000430048
12/21/2020,0.000967009
12/22/2020,0.000911314
12/23/2020,0.000695599
12/24/2020,-0.000213912
12/28/2020,-0.000642368
12/29/2020,-0.000267934
12/30/2020,-0.001180878
12/31/2020,-0.002912205
04/01/2021,-0.001789342
05/01/2021,0.00108533
06/01/2021,0.000866315
07/01/2021,-0.000162303
08/01/2021,0.003180869
11/01/2021,-0.0000537
12/01/2021,0.001929724
01/13/2021,-0.001553828
01/14/2021,-0.000268464
01/15/2021,-0.000914022
01/18/2021,0.001343485
01/19/2021,0.000375432
01/20/2021,-0.000268133
01/21/2021,-0.001827706
01/22/2021,0.000699737
01/25/2021,0.000913343
01/26/2021,-0.000161039
01/27/2021,-0.0000537
01/29/2021,0.001072597
02/02/2021,-0.001233716
03/02/2021,0.000536829
04/02/2021,0.000536166
05/02/2021,0.002351299
08/02/2021,-0.001387865
09/02/2021,-0.000427929
10/02/2021,-0.001877163
11/02/2021,0.000483475
02/15/2021,-0.000913682
02/16/2021,-0.000592232
02/17/2021,0.000861162
02/18/2021,-0.0000538
02/19/2021,0.000591133
02/22/2021,-0.000322336
02/23/2021,0.000161198
02/24/2021,-0.000322456
02/25/2021,0.000107512
02/26/2021,0.001020038
01/03/2021,0.000428774
02/03/2021,0.0000536
03/03/2021,-0.000482341
04/03/2021,0.000643002
05/03/2021,0.001283156
08/03/2021,0.002395746
09/03/2021,0.003805916
10/03/2021,0.000263065
11/03/2021,-0.001686378
12/03/2021,0.000474956
03/15/2021,0
03/16/2021,-0.00031658
03/17/2021,0.000474783
03/18/2021,-0.001161498
03/19/2021,0.000950548
03/22/2021,-0.000739135
03/23/2021,0.000686381
03/24/2021,0.001211716
03/25/2021,0.001260805
03/26/2021,0.000733783
03/29/2021,-0.00010475
03/30/2021,0.00010475
03/31/2021,0.001307251
01/04/2021,-0.001307251
02/04/2021,-0.000943663
05/04/2021,0.000367224
06/04/2021,-0.000892368
07/04/2021,-0.000473174
08/04/2021,0.001103271
09/04/2021,-0.000314934
12/04/2021,0.000157496
04/13/2021,-0.000315049
04/14/2021,-0.000473002
04/15/2021,-0.000157782
04/16/2021,-0.00010522
04/19/2021,0.000263002
04/20/2021,-0.001422104
04/21/2021,0
04/22/2021,-0.000633544
04/23/2021,0.000158473
04/26/2021,-0.000845857
04/27/2021,-0.000529498
04/28/2021,0.00042365
04/30/2021,0.00021167
03/05/2021,-0.000264604
04/05/2021,0.001110255
05/05/2021,0.000474956
06/05/2021,0.000790441
07/05/2021,-0.000843188
10/05/2021,-0.001162063
11/05/2021,0.001088206
12/05/2021,0.001600932
05/17/2021,0.000315277
05/18/2021,-0.000809672
05/19/2021,0.0000737
05/20/2021,0.001260958
05/21/2021,0.000419507
05/24/2021,-0.000262144
05/25/2021,0.000209728
05/27/2021,0.000104826
05/28/2021,-0.000681822
05/31/2021,0.000104965
01/06/2021,-0.001840568
02/06/2021,0.000579305
03/06/2021,-0.000368559
04/06/2021,0.000526418
08/06/2021,-0.000684467
09/06/2021,-0.000369007
10/06/2021,-0.000126589
11/06/2021,-0.000242732
06/14/2021,0.000211079
06/15/2021,0
06/16/2021,0.000369141
06/17/2021,0.001368355
06/18/2021,0.000997232
06/21/2021,0.000838002
06/22/2021,-0.000209349
06/23/2021,0.001724119
06/24/2021,0.000156399
06/25/2021,-0.000834781
06/28/2021,-0.000731752
06/29/2021,-0.000366339
06/30/2021,0.000711461
01/07/2021,0.0000209
02/07/2021,0.000939806
05/07/2021,-0.000887541
06/07/2021,-0.000156813
07/07/2021,0.000626914
08/07/2021,0.001251119
09/07/2021,0.001558848
12/07/2021,0.000362927
07/13/2021,-0.0000518
07/14/2021,0.001035391
07/15/2021,-0.00041386
07/16/2021,0.000517264
07/19/2021,0.001805586
07/21/2021,0.002515276
07/22/2021,-0.001640978
07/23/2021,-0.000308375
07/26/2021,0.000185051
07/27/2021,0.000380135
07/28/2021,0.000236133
07/29/2021,-0.00090416
07/30/2021,0.000822041
02/08/2021,-0.000513593
03/08/2021,-0.0000206
04/08/2021,0.000174698
05/08/2021,-0.000616896
06/08/2021,-0.000205827
09/08/2021,0.000514384
11/08/2021,0.001488278
12/08/2021,-0.000307501
08/13/2021,0
08/16/2021,0.000614785
08/17/2021,-0.000307284
08/18/2021,-0.000666528
08/19/2021,0.000820198
08/20/2021,-0.000204904
08/23/2021,-0.000871923
08/24/2021,-0.001182454
08/25/2021,-0.000308996
08/26/2021,-0.002428108
08/27/2021,0.000258956
08/30/2021,-0.002596531
01/09/2021,-0.00250736
02/09/2021,0.001307723
03/09/2021,-0.000470327
06/09/2021,-0.000837396
07/09/2021,0.000157135
08/09/2021,0.00107746
09/09/2021,-0.000920382
10/09/2021,-0.000681082
09/13/2021,0.000157268
09/14/2021,0.000628502
09/15/2021,0.001097694
09/17/2021,0.001094926
09/20/2021,0.001974305
09/21/2021,0.0000518
09/22/2021,-0.000103675
09/23/2021,-0.000207424
09/24/2021,-0.000570928
09/27/2021,0.000415295
09/28/2021,-0.000207598
09/29/2021,0.000207598
09/30/2021,0.000311211
01/10/2021,-0.000363101
04/10/2021,-0.001299272
05/10/2021,0.000831982
06/10/2021,-0.000052
07/10/2021,0.000207772
08/10/2021,0.0000519
11/10/2021,-0.001456318
12/10/2021,0.000416589
10/13/2021,-0.001407594
10/14/2021,-0.000229819
10/15/2021,0.000177598
10/18/2021,0.000626236
10/20/2021,-0.000887434
10/21/2021,0.000104498
10/22/2021,0.0001567
10/25/2021,-0.000888716
10/26/2021,-0.000261734
10/27/2021,0.000209399
10/28/2021,0.000418496
10/29/2021,-0.000942184
01/11/2021,0.000261923
02/11/2021,0.000261765
03/11/2021,0.00047078
05/11/2021,0.000626914
08/11/2021,-0.000417842
09/11/2021,-0.000365942
10/11/2021,-0.0000732
11/11/2021,0.001170127
12/11/2021,0.000552624
11/15/2021,-0.000970165
11/16/2021,0.00026101
11/17/2021,0.001926614
11/18/2021,0.0000312
11/19/2021,0.000332363
11/22/2021,0.000518808
11/23/2021,0.000259172
11/24/2021,0.002016251
11/25/2021,0.00180152
11/26/2021,0.001538235
11/29/2021,-0.000307211
11/30/2021,-0.001333766
01/12/2021,-0.002214873
02/12/2021,0.002214873
03/12/2021,0.000205462
06/12/2021,-0.000462425
07/12/2021,0.000770436
08/12/2021,-0.001233354
09/12/2021,-0.00087575
10/12/2021,0.00066985
12/13/2021,-0.00092776
12/14/2021,0.002572233
12/15/2021,-0.0000513
12/16/2021,-0.000205243
12/17/2021,-0.002109354
12/20/2021,0.001595821
12/21/2021,-0.001492688
12/22/2021,-0.000154709
12/23/2021,-0.000412827
12/24/2021,-0.000516587
12/27/2021,-0.001501586
12/28/2021,-0.000311322
12/29/2021,-0.000207672
12/30/2021,-0.001143976
12/31/2021,0.000572364
03/01/2022,-0.0005203
04/01/2022,0.001091911
05/01/2022,0.000933744
06/01/2022,0.001190203
07/01/2022,0.0000517
10/01/2022,-0.000124028
11/01/2022,-0.000879547
12/01/2022,-0.001068197
01/13/2022,-0.00031162
01/14/2022,-0.000103923
01/17/2022,0.000623166
01/19/2022,0.000829499
01/20/2022,-0.000725725
01/21/2022,0.000103749
01/24/2022,-0.000311322
01/25/2022,0.0004669
01/26/2022,0.000259172
01/27/2022,0.001293545
01/28/2022,-0.001138116
01/31/2022,-0.000310914
03/02/2022,-0.000778259
04/02/2022,-0.000207772
07/02/2022,0.000654144
08/02/2022,0.0000726
09/02/2022,-0.000155633
10/02/2022,0
11/02/2022,0.000342319
02/14/2022,0.000383492
02/15/2022,-0.000570178
02/16/2022,0.000259265
02/17/2022,-0.000414898
02/18/2022,-0.0000519
02/21/2022,0.000207523
02/22/2022,-0.000207523
02/23/2022,0
02/24/2022,0.001191907
02/25/2022,0.000206955
02/28/2022,0.000310247
01/03/2022,-0.000620716
02/03/2022,-0.000310691
03/03/2022,-0.000155429
04/03/2022,-0.000539252
07/03/2022,-0.000654222
08/03/2022,0.000135079
09/03/2022,0.000176578
10/03/2022,0.000207647
11/03/2022,0.000881395
03/14/2022,0.001344566
03/15/2022,0.000237452
03/16/2022,-0.000857504
03/17/2022,-0.000983563
03/18/2022,0.001345367
03/21/2022,-0.0003101
03/22/2022,0.001393708
03/23/2022,0.000617993
03/24/2022,0.000771257
03/25/2022,-0.000514019
03/28/2022,-0.000823698
03/29/2022,0.000823698
03/30/2022,-0.001752229
03/31/2022,-0.000103293
01/04/2022,0.000516218
04/04/2022,0.000979128
05/04/2022,-0.000102962
06/04/2022,0.0000515
07/04/2022,0.0000309
08/04/2022,0.000226442
11/04/2022,0.000647794
12/04/2022,0.00063657
04/13/2022,-0.000667395
04/14/2022,0.000205462
04/15/2022,0.000615802
04/18/2022,0.00141304
04/20/2022,0.001805674
04/21/2022,0.002132632
04/22/2022,0.002071803
04/25/2022,0.004014305
04/26/2022,0.0000499
04/27/2022,0.000848183
04/28/2022,0.000498158
04/29/2022,-0.000249008
05/05/2022,-0.002247518
06/05/2022,0.003590467
09/05/2022,0.000694713
10/05/2022,-0.000247984
11/05/2022,0.000644464
12/05/2022,0.000297123
05/13/2022,0.001038332
05/17/2022,-0.000197586
05/18/2022,-0.0000494
05/19/2022,0.000770166
05/20/2022,-0.000473787
05/23/2022,-0.000889745
05/24/2022,0.000197879
05/25/2022,0.000197789
05/26/2022,0.000494078
05/27/2022,-0.001483923
05/30/2022,-0.0011908
05/31/2022,0.000496564
01/06/2022,0.001139946
02/06/2022,0.000593569
03/06/2022,-0.000692576
07/06/2022,0.001087838
08/06/2022,-0.000444695
09/06/2022,-0.0000494
10/06/2022,0.000691631
06/13/2022,0.001576746
06/13/2022,0
06/14/2022,0.00088441
06/15/2022,-0.000461634
06/16/2022,-0.001969906
06/17/2022,0.00026646
06/20/2022,-0.0000493
06/21/2022,-0.000246744
06/22/2022,0.000296076
06/23/2022,0.000394455
06/24/2022,0
06/27/2022,0
06/28/2022,-0.000710276
06/29/2022,0.00011846
06/30/2022,0.000542529
01/07/2022,0.000344893
04/07/2022,0.000295405
05/07/2022,0.000491895
06/07/2022,0.000785876
07/07/2022,0.0000981
08/07/2022,-0.0000491
12/07/2022,0.001078141
07/13/2022,-0.000489732
07/14/2022,0.000978913
07/15/2022,0.000781545
07/18/2022,-0.0000195
07/19/2022,0.000750944
07/20/2022,-0.000780228
07/21/2022,0.000731505
07/22/2022,-0.000341216
07/25/2022,0.000243753
07/26/2022,0.000146186
07/27/2022,0.000292225
07/28/2022,-0.00048715
07/29/2022,-0.000634113
01/08/2022,0.000292783
02/08/2022,0.000487533
03/08/2022,0.0000487
04/08/2022,-0.00026317
05/08/2022,0.0000195
08/08/2022,0.00063326
09/08/2022,-0.000506534
10/08/2022,0.000116945
11/08/2022,-0.000975505
12/08/2022,-0.000635255
08/15/2022,0.001172054
08/16/2022,0.0011008
08/17/2022,0.000165366
08/18/2022,0.000631701
08/19/2022,0.000562897
08/22/2022,0.00040716
08/23/2022,0.000532609
08/24/2022,0
08/25/2022,-0.000871883
08/26/2022,-0.000407479
08/29/2022,0.001327748
08/30/2022,-0.00033882
01/09/2022,-0.00019373
02/09/2022,0.000145306
05/09/2022,0.000290466
06/09/2022,0.000435334
07/09/2022,0.001158763
08/09/2022,-0.000337653
09/09/2022,-0.000337916
12/09/2022,0.000723784
09/13/2022,0.000337354
09/14/2022,0.001778814
09/15/2022,0.000623263
09/19/2022,0.001243849
09/20/2022,0.000811364
09/21/2022,0.001142881
09/22/2022,0.000332775
09/23/2022,0.0000475
09/26/2022,0.002652767
09/27/2022,0.001273246
09/28/2022,0.000705749
09/29/2022,0.002531243
09/30/2022,-0.000467637
03/10/2022,0.000794684
04/10/2022,-0.000420534
05/10/2022,-0.000654974
06/10/2022,-0.000702856
07/10/2022,0.001918451
11/10/2022,0.001956495
12/10/2022,0.001206761
10/13/2022,0.000278008
10/14/2022,0.000925409
10/17/2022,0.001752864
10/18/2022,0.0000921
10/19/2022,0.000276064
10/20/2022,0.000689393
10/21/2022,0.00082583
10/25/2022,0.000320732
10/26/2022,-0.001376238
10/27/2022,-0.001242354
10/28/2022,0.000828631
10/31/2022,0.000459668
01/11/2022,0.000413286
02/11/2022,0.000917007
03/11/2022,0.000457779
04/11/2022,0.0000458
07/11/2022,-0.000228805
08/11/2022,-0.000137341
09/11/2022,-0.002249403
10/11/2022,-0.001124471
11/11/2022,-0.005928329
11/14/2022,-0.005271086
11/15/2022,0.000359711
11/16/2022,-0.004737909
11/17/2022,0.000955544
11/21/2022,0.000905823
11/22/2022,0.001663692
11/23/2022,-0.000284752
11/24/2022,-0.004917585
11/25/2022,-0.006043717
11/29/2022,0.004456329
11/30/2022,-0.002998148
01/12/2022,-0.006600719
02/12/2022,-0.001085243
05/12/2022,-0.002923886
06/12/2022,0.001340493
07/12/2022,0.002471521
08/12/2022,0.0000493
09/12/2022,-0.000710276
12/12/2022,0.001940643
12/13/2022,0.0015698
12/14/2022,-0.001913951
12/15/2022,-0.000738387
12/16/2022,0.001622797
12/19/2022,-0.000343723
12/20/2022,0.001422229
12/21/2022,0.000440436
12/22/2022,-0.00102838
12/23/2022,-0.000049
12/27/2022,-0.000736134
12/28/2022,0.001079237
12/29/2022,-0.00127575
12/30/2022,-0.000590074
03/01/2023,-0.002269407
04/01/2023,0.001432094
05/01/2023,-0.000345246
06/01/2023,-0.000543084
09/01/2023,-0.001881352
10/01/2023,-0.000148875
11/01/2023,0
12/01/2023,-0.000745144
01/13/2023,-0.002743184
01/16/2023,-0.002810977
01/17/2023,0.00165867
01/18/2023,0.000801929
01/19/2023,-0.001957302
01/20/2023,-0.002320009
01/25/2023,-0.002129147
01/26/2023,-0.002292872
01/27/2023,-0.002150991
01/30/2023,0.000820682
01/31/2023,0.001023676
02/02/2023,-0.000665115
03/02/2023,0.00265437
07/02/2023,0.002789964
08/02/2023,0.000404324
09/02/2023,0.000757094
10/02/2023,0.002464017
02/13/2023,0.002898639
02/14/2023,-0.000997347
02/15/2023,0.00343121
02/16/2023,0.001828819
02/17/2023,0.002655341
02/20/2023,0.000245046
02/21/2023,0
02/22/2023,0.000440734
02/23/2023,-0.000244797
02/24/2023,-0.000049
02/27/2023,0.003803636
02/28/2023,0.001066825
01/03/2023,0.000242095
02/03/2023,-0.00092068
03/03/2023,0.00019399
06/03/2023,-0.001408393
07/03/2023,0.001262908
08/03/2023,0.004391481
09/03/2023,0.000192017
10/03/2023,-0.000624366
03/13/2023,-0.003280623
03/14/2023,-0.00038759
03/15/2023,-0.000873344
03/16/2023,0.003579238
03/17/2023,-0.002463609
03/20/2023,-0.000193817
03/21/2023,-0.000290887
03/22/2023,-0.0005338
03/23/2023,-0.004245146
03/24/2023,-0.00019618
03/27/2023,0.000294237
03/28/2023,-0.00319824
03/29/2023,0.000375166
03/30/2023,0.002283486
03/31/2023,-0.001475019
03/04/2023,0.001327743
04/04/2023,-0.001475521
05/04/2023,-0.001134637
06/04/2023,0.000838931
07/04/2023,-0.00019725
10/04/2023,0.000542221
11/04/2023,0.000787479
12/04/2023,-0.0000492
04/13/2023,-0.001329851
04/14/2023,-0.001333936
04/17/2023,0.003007899
04/18/2023,0.001863296
04/19/2023,-0.000636544
04/20/2023,0.000636544
04/25/2023,0.000342369
04/26/2023,0.001902557
04/27/2023,-0.000292159
04/28/2023,0.0000487
02/05/2023,0.000243452
03/05/2023,-0.000292159
05/05/2023,-0.001952766
08/05/2023,-0.000293674
09/05/2023,0.000587149
10/05/2023,0.001220683
11/05/2023,0.000146252
12/05/2023,0.002333354
05/15/2023,0.001983194
05/16/2023,-0.0000676
05/17/2023,0.001993704
05/18/2023,0.000576179
05/19/2023,0.002631081
05/22/2023,-0.001385311
05/23/2023,0.001099057
05/24/2023,0.003233212
05/25/2023,0.003350362
05/26/2023,0.001407915
05/29/2023,-0.002914739
05/30/2023,0.000848232
05/31/2023,0.000376461
01/06/2023,-0.000423541
02/06/2023,-0.001982006
06/06/2023,0.000708898
07/06/2023,0.000707743
08/06/2023,0.001129995
09/06/2023,-0.00056463
12/06/2023,0.00056463
06/13/2023,0.000235046
06/14/2023,-0.000094
06/15/2023,0.001501614
06/16/2023,-0.001642657
06/19/2023,-0.000376338
06/20/2023,0.002206332
06/21/2023,0.001075624
06/22/2023,0.000233479
06/23/2023,0.002281477
06/26/2023,0.000788741
06/27/2023,-0.001904702
06/28/2023,0.000279259
06/30/2023,0.001115244
03/07/2023,-0.001068719
04/07/2023,-0.000325785
05/07/2023,-0.0016326
06/07/2023,0.001166769
07/07/2023,0.001117157
10/07/2023,-0.00027902
11/07/2023,-0.000651744
12/07/2023,-0.001119557
07/13/2023,-0.003894202
07/14/2023,-0.008326909
07/17/2023,0.003349946
07/18/2023,-0.00186321
07/20/2023,0.001243028
07/21/2023,0.000381755
07/24/2023,0.002141144
07/25/2023,-0.000826658
07/26/2023,-0.000551981
07/27/2023,-0.002962196
07/28/2023,0.001607826
07/31/2023,-0.00055441
01/08/2023,-0.002349747
02/08/2023,0.002254087
03/08/2023,0.001432686
04/08/2023,-0.00062025
07/08/2023,0.00057257
08/08/2023,0.001855657
09/08/2023,0.00056938
10/08/2023,-0.00056938
11/08/2023,0.000664204
08/14/2023,0.003070567
08/15/2023,0.001503726
08/16/2023,0.001217955
08/17/2023,0.000420805
08/18/2023,-0.000420805
08/21/2023,0.000981246
08/22/2023,-0.000326836
08/23/2023,0.000420172
08/24/2023,-0.001121363
08/25/2023,0.000934671
08/28/2023,0.0000467
08/29/2023,-0.000467034
08/30/2023,-0.000841928
01/09/2023,0.000280824
04/09/2023,0.001308117
05/09/2023,0.000512827
06/09/2023,0.000977355
07/09/2023,0.000325297
08/09/2023,0.000139338
11/09/2023,0.0000929
12/09/2023,-0.000185755
09/13/2023,0.000510634
09/14/2023,0.0000742
09/15/2023,-0.00025984
09/18/2023,0.000677114
09/19/2023,0.000759337
09/20/2023,0.0000463
09/21/2023,-0.0009261
09/22/2023,0.000278037
09/25/2023,-0.000324394
09/26/2023,0.000741117
09/27/2023,0.00134006
09/29/2023,-0.00152522
02/10/2023,0.00134063
03/10/2023,0.00188834
04/10/2023,0.00091817
05/10/2023,-0.001285983
06/10/2023,-0.00013801
09/10/2023,0.000413899
10/10/2023,0.000964232
11/10/2023,-0.000734459
12/10/2023,-0.000459668
10/13/2023,0.001102387
10/16/2023,0.000504327
10/17/2023,-0.000641973
10/18/2023,0.000779415
10/19/2023,0.00196524
10/20/2023,0.001183985
10/23/2023,0.000454521
10/24/2023,-0.0000454
10/25/2023,-0.000318148
10/26/2023,0.001044469
10/27/2023,-0.001089938
10/30/2023,-0.001685698
10/31/2023,0.000820887
01/11/2023,0.000682889
02/11/2023,-0.001914801
03/11/2023,-0.001189598
06/11/2023,-0.006741257
07/11/2023,-0.000558758
08/11/2023,0.000884368
09/11/2023,0.001300006
10/11/2023,0.003463108
11/14/2023,-0.000137995
11/15/2023,-0.005649288
11/16/2023,0.004774298
11/17/2023,-0.002496484
11/20/2023,-0.001811983
11/21/2023,-0.001539143
11/22/2023,0.001799791
11/23/2023,0.001829432
11/24/2023,-0.000139026
11/27/2023,-0.000417346
11/28/2023,-0.00074294
11/29/2023,-0.002329912
11/30/2023,0.000513654
01/12/2023,0.002280744
04/12/2023,-0.001534693
05/12/2023,0.000512167
06/12/2023,0.000604511
07/12/2023,0.000371589
08/12/2023,-0.001022635
11/12/2023,0.001440293
12/12/2023,0.000278216
12/13/2023,0.001896384
12/14/2023,-0.004033939
12/15/2023,0.000372505
12/18/2023,0.00176505
12/19/2023,-0.000510198
12/20/2023,-0.002466663
12/21/2023,-0.000186733
12/22/2023,-0.001496762
12/26/2023,-0.001595982
12/27/2023,0.001455396
12/28/2023,-0.001502426
12/29/2023,-0.002405286
02/01/2024,0.001039209
03/01/2024,0.00291537
04/01/2024,0.000515205
05/01/2024,0.001075276
08/01/2024,-0.0000467
09/01/2024,-0.000607503
10/01/2024,0.000514096
11/01/2024,-0.00065441
12/01/2024,0.000140314
01/15/2024,0.000560802
01/16/2024,0.003164273
01/17/2024,0.002957225
01/18/2024,0.000138127
01/19/2024,-0.000276298
01/22/2024,0.001058189
01/23/2024,0.000596968
01/24/2024,0.000183518
01/26/2024,-0.000642651
01/29/2024,0.000413242
01/30/2024,-0.000275451
01/31/2024,0.000183653
02/02/2024,-0.0000918
05/02/2024,0.002426616
06/02/2024,0.000547545
07/02/2024,0.000410206
08/02/2024,-0.000182266
09/02/2024,0.000728606
02/13/2024,-0.000591899
02/14/2024,0.00159174
02/15/2024,-0.000454188
02/16/2024,0.0000909
02/19/2024,0.000227106
02/20/2024,0.000907238
02/21/2024,0
02/22/2024,0.0000453
02/23/2024,-0.00140688
02/26/2024,-0.0000455
02/27/2024,0.000227248
02/28/2024,-0.001638849
02/29/2024,0.0001824
01/03/2024,-0.002239697
04/03/2024,-0.000917492
05/03/2024,-0.000183731
06/03/2024,0.000413286
07/03/2024,-0.001793753
08/03/2024,-0.001754914
11/03/2024,-0.000741038
12/03/2024,-0.000185457
03/13/2024,0.000185457
03/14/2024,0.00032436
03/15/2024,0.001341201
03/18/2024,0.001291035
03/19/2024,0.001057629
03/20/2024,0.001100874
03/21/2024,-0.003495717
03/22/2024,0.003541526
03/25/2024,-0.001100758
03/26/2024,-0.000597411
03/27/2024,0.000689247
03/29/2024,-0.0000918
01/04/2024,-0.000459474
02/04/2024,0.00233825
03/04/2024,0.0000914
04/04/2024,-0.000915268
05/04/2024,0.000549392
08/04/2024,0.00064008
09/04/2024,-0.000228492
12/04/2024,0.001642465
04/15/2024,0.000818909
04/16/2024,0.001406733
04/17/2024,0.0000453
04/18/2024,-0.001588414
04/19/2024,0.000499842
04/22/2024,0.000227011
04/23/2024,-0.00045414
04/24/2024,-0.000318181
04/25/2024,0.000726929
04/26/2024,-0.000545083
04/29/2024,-0.000363769
04/30/2024,-0.000546225
02/05/2024,-0.000136664
03/05/2024,-0.00242151
06/05/2024,0.000183227
07/05/2024,0.0000916
08/05/2024,0.000366146
09/05/2024,-0.000411936
10/05/2024,-0.000247349
05/13/2024,0.000659285
05/14/2024,-0.001696017
05/15/2024,-0.002394843
05/16/2024,-0.001851215
05/17/2024,0.000278186
05/20/2024,0.0000927
05/21/2024,0.000509436
05/23/2024,0.002216029
05/24/2024,0.000322228
05/27/2024,-0.0012442
05/28/2024,-0.001294057
05/29/2024,0.000970904
05/30/2024,0.000646066
05/31/2024,-0.000461377
04/06/2024,-0.000924228
05/06/2024,0.000508569
06/06/2024,-0.000323566
07/06/2024,-0.0000462
10/06/2024,0.001937994
11/06/2024,0.000644081
12/06/2024,-0.000505983
06/13/2024,-0.000921482
06/14/2024,0.000460986
06/18/2024,0.0001382
06/19/2024,-0.000599186
06/20/2024,0.00027665
06/21/2024,0.000368593
06/24/2024,-0.000230334
06/25/2024,-0.000414909
06/26/2024,0.000184453
06/27/2024,0.00082907
06/28/2024,0.000046
01/07/2024,-0.00046035
02/07/2024,0.000414337
03/07/2024,0.000092
04/07/2024,-0.000736717
05/07/2024,-0.000414953
09/07/2024,0.000322776
10/07/2024,-0.000553476
11/07/2024,-0.001572025
12/07/2024,-0.00153125
07/15/2024,0.000093
07/16/2024,0.000510907
07/17/2024,-0.000371509
07/18/2024,-0.000790514
07/19/2024,0.001115602
07/22/2024,0.000556728
07/23/2024,-0.001114171
07/24/2024,0.000185894
07/25/2024,-0.000390469
07/26/2024,-0.000632933
07/29/2024,-0.002100864
07/30/2024,-0.000983892
07/31/2024,-0.002210155
01/08/2024,-0.004406714
02/08/2024,-0.001957037
05/08/2024,-0.012767862
06/08/2024,0.00587224
07/08/2024,0.003726626
08/08/2024,-0.00431029
09/08/2024,0.000194642
12/08/2024,-0.001706081
08/13/2024,0.000683237
08/14/2024,-0.002150945
08/15/2024,0.000783395
08/16/2024,-0.0000978
08/19/2024,-0.006556815
08/20/2024,0.000297938
08/21/2024,0.000248126
08/22/2024,0.000545378
08/23/2024,-0.000247814
08/26/2024,-0.00328447
08/27/2024,0.000798519
08/28/2024,-0.001148333
08/29/2024,-0.001803509
08/30/2024,-0.001005195
02/09/2024,0.001757568
03/09/2024,0.004586256
04/09/2024,-0.003135355
05/09/2024,-0.001450902
06/09/2024,-0.0000501
09/09/2024,0.001501019
10/09/2024,0.001246899
11/09/2024,-0.002297067
12/09/2024,-0.000350621
09/13/2024,-0.001606455
09/17/2024,-0.003687118
09/18/2024,-0.003872196
09/19/2024,0.001022351
09/20/2024,-0.007363282
09/23/2024,0.003207813
09/24/2024,-0.004091529
09/25/2024,-0.00528772
09/26/2024,0.001367361
09/27/2024,-0.001367361
09/30/2024,-0.001583092
01/10/2024,0.006298036
02/10/2024,-0.000521362
03/10/2024,0.005443332
04/10/2024,0.00185069
07/10/2024,0.004033803
08/10/2024,0.001522062
09/10/2024,-0.000354671
10/10/2024,0.000810251
11/10/2024,-0.00050623
10/14/2024,0.000657984
10/15/2024,0.001161689
10/16/2024,-0.001060549
10/17/2024,0.001262265
10/18/2024,-0.0000504
10/21/2024,-0.0006055
10/22/2024,0.00221605
10/23/2024,0.001804759
10/24/2024,0.001199019
10/25/2024,-0.000249523
10/28/2024,0.000947425
10/29/2024,0.001094443
10/30/2024,0.002427755
01/11/2024,-0.001385626
04/11/2024,-0.00178804
05/11/2024,0.000646531
06/11/2024,0.003218295
07/11/2024,0.00103468
08/11/2024,-0.003061902
11/11/2024,0.002076549
12/11/2024,0.002361104
11/13/2024,0.002689744
11/14/2024,0.003205857
11/15/2024,-0.000775007
11/18/2024,-0.001067898
11/19/2024,-0.000340337
11/20/2024,0.000437527
11/21/2024,-0.000291636
11/22/2024,0.000145842
11/25/2024,-0.001363105
11/26/2024,0.001168637
11/27/2024,-0.001363716
11/28/2024,-0.000732327
11/29/2024,-0.00043999
02/12/2024,0.002244169
03/12/2024,0.00077787
04/12/2024,-0.000340147
05/12/2024,-0.003367208
06/12/2024,-0.001275606
09/12/2024,0.000294703
10/12/2024,0.000539771
11/12/2024,-0.000196203
12/12/2024,0.000784279
12/13/2024,0.001857006
12/16/2024,0.000711375
12/17/2024,-0.001199292
12/18/2024,0.001899783
12/19/2024,0.003340929
12/20/2024,0.001011724
12/23/2024,-0.00226761
12/24/2024,0
12/26/2024,-0.001987843
12/27/2024,0.000825332
12/30/2024,-0.00077674
12/31/2024,0.0000972
02/01/2025,0.000728071
03/01/2025,0.001694102
06/01/2025,0.001735637
07/01/2025,-0.000288792
08/01/2025,-0.001012286
09/01/2025,0
10/01/2025,-0.00057951
01/13/2025,0.001495489
01/14/2025,-0.000722981
01/15/2025,0.000433933
01/16/2025,-0.000820015
01/17/2025,0.000386082
01/20/2025,-0.0000965
01/21/2025,-0.002516254
01/22/2025,-0.002677383
01/23/2025,-0.000293079
01/24/2025,-0.002843342
01/27/2025,-0.00420089
01/28/2025,0.003018867
01/31/2025,0.001673584
03/02/2025,0.007307427
04/02/2025,-0.003687062
05/02/2025,-0.002638908
06/02/2025,-0.000245156
07/02/2025,0.001322203
10/02/2025,0.002632391
12/02/2025,-0.000291701
02/13/2025,-0.00043792
02/14/2025,-0.001756107
02/17/2025,-0.00127273
02/18/2025,0.001614752
02/19/2025,-0.000390904
02/20/2025,-0.001419984
02/21/2025,-0.000982012
02/24/2025,-0.001871962
02/25/2025,0.001478535
02/26/2025,0.000884711
02/27/2025,0.002301617
02/28/2025,0.001900635
03/03/2025,-0.000194555
04/03/2025,0.000437625
05/03/2025,-0.001997208
06/03/2025,-0.001957387
07/03/2025,0.000196136
10/03/2025,-0.001030704
11/03/2025,0.001324743
12/03/2025,0.000049
03/13/2025,-0.000490119
03/14/2025,0.001664153
03/17/2025,0.0000488
03/19/2025,-0.001467874
03/20/2025,-0.000441331
03/21/2025,-0.00029447
03/24/2025,0.001029773
03/25/2025,0.000587348
03/26/2025,-0.001469861
03/27/2025,0.000735552
03/28/2025,0.000098
02/04/2025,0.001418225
03/04/2025,0.001705506
04/04/2025,-0.004595752
07/04/2025,0.00483885
08/04/2025,0.001552613
09/04/2025,0.001788317
10/04/2025,-0.002466902
11/04/2025,-0.003751291
04/14/2025,-0.001470359
04/15/2025,-0.001130656
04/16/2025,0.000442781
04/17/2025,-0.000393561
04/18/2025,-0.000295405
04/21/2025,-0.002271471
04/22/2025,-0.00079287
04/23/2025,0.002965829
04/24/2025,-0.001727604
04/25/2025,-0.001635203
04/28/2025,0
04/29/2025,-0.003989872
04/30/2025,-0.001656561
02/05/2025,-0.002168074
05/05/2025,-0.009814982
06/05/2025,0.003296369
07/05/2025,0.000359027
08/05/2025,0.003217957
09/05/2025,0.005210281
05/13/2025,0.000904153
05/14/2025,-0.001306603
05/15/2025,-0.002878307
05/16/2025,-0.001878637
05/19/2025,0.004404493
05/20/2025,-0.002627197
05/21/2025,-0.001421255
05/22/2025,-0.001221931
05/23/2025,-0.000561203
05/26/2025,-0.004825544
05/27/2025,0.000361203
05/28/2025,0.004106834
05/29/2025,-0.000920658
05/30/2025,-0.000204856
03/06/2025,0.001125513
04/06/2025,0
05/06/2025,-0.000767079
06/06/2025,-0.001486872
09/06/2025,0.001077209
10/06/2025,-0.00041005
11/06/2025,0.00061493
12/06/2025,-0.001538962
06/13/2025,0.0018461
06/16/2025,0.000255783
06/17/2025,-0.00066535
06/18/2025,0.000869868
06/19/2025,0.001174115
06/20/2025,-0.000561137
06/23/2025,0.002747742
06/24/2025,-0.002747742
06/25/2025,-0.001585298
06/26/2025,-0.001385474
06/30/2025,-0.000823112
01/07/2025,-0.00253053
02/07/2025,0.002479033
03/07/2025,0.000771805
04/07/2025,0.000513776
07/07/2025,0.000513169
08/07/2025,0.000461334
09/07/2025,0.001585298
10/07/2025,-0.000153163
11/07/2025,0.000357297
07/14/2025,-0.000102055
07/15/2025,-0.000102079
07/16/2025,-0.00020423
07/17/2025,-0.000510995
07/18/2025,-0.000204566
07/21/2025,-0.000563055
07/22/2025,-0.000768981
07/23/2025,-0.000667553
07/24/2025,-0.000874505
07/25/2025,0.000205924
07/28/2025,0.000154379
07/29/2025,0.002257946
07/30/2025,-0.000768436
07/31/2025,0.001944071
01/08/2025,0.002392533
04/08/2025,-0.004285332
05/08/2025,-0.000512987
06/08/2025,-0.000308083
07/08/2025,0.000205413
08/08/2025,0.000615657
11/08/2025,0
12/08/2025,-0.000256418
08/13/2025,-0.00113004
08/14/2025,-0.002527524
08/15/2025,0.002115871
08/18/2025,0.000565923
08/19/2025,0.000256994
08/20/2025,0
08/21/2025,-0.000359834
08/22/2025,0.000822041
08/25/2025,-0.003142409
08/26/2025,0.001548289
08/27/2025,0.001286037
08/28/2025,0
08/29/2025,-0.000977041
02/09/2025,0.00133645
03/09/2025,-0.0000513
04/09/2025,-0.000154014
08/09/2025,-0.000719456
09/09/2025,-0.001184557
10/09/2025,0.000206242
11/09/2025,0.000823991
12/09/2025,-0.001030233
09/17/2025,-0.001964201
09/18/2025,0.000414255
09/19/2025,0.001085543
09/22/2025,0.000412827
09/23/2025,-0.001291391
09/24/2025,0.000310284
09/25/2025,0.001238925
09/26/2025,0.000772537
09/29/2025,-0.000875646
09/30/2025,0.000360774
01/10/2025,-0.00020612
02/10/2025,-0.000773822
03/10/2025,0.000928421
06/10/2025,-0.0000515
07/10/2025,0
08/10/2025,0.00056646
09/10/2025,-0.000514933
10/10/2025,0.000720735
10/13/2025,0.000257116
10/14/2025,0.000154197
10/15/2025,-0.000102792
10/16/2025,0.000308302
10/17/2025,-0.000154124
10/21/2025,0
10/22/2025,0.000359537
10/23/2025,0.0000513
10/24/2025,-0.000359494
10/27/2025,-0.001286342
10/28/2025,-0.00134185
10/29/2025,-0.001086837
10/30/2025,0.00072486
10/31/2025,-0.000569431
03/11/2025,0.000569431
04/11/2025,0.000723652
05/11/2025,-0.001034158
06/11/2025,-0.001244249
07/11/2025,-0.00067546
10/11/2025,-0.00093699
11/11/2025,-0.001618458
12/11/2025,-0.002202416
11/13/2025,0.0000526
11/14/2025,0.000157667
11/17/2025,0.001887556
11/18/2025,0.002712068
11/19/2025,-0.002973738
11/20/2025,0.001724119
11/21/2025,-0.00214312
